"model_id","target_end_date","wis_scaled_relative_skill","wis","ae_median_scaled_relative_skill","ae_median","interval_coverage_50","interval_coverage_95","n"
"CADPH-FluCAT_Ensemble",2024-11-30,0.473817643546897,53.350662160704,0.403157187248798,71.460860038003,1,1,1
"CADPH-FluCAT_Ensemble",2024-12-07,0.444193439640698,115.507720256594,0.542868856505522,209.211432518975,1,1,2
"CADPH-FluCAT_Ensemble",2024-12-14,0.466294350350201,158.621676099712,0.501282878888,261.44657760363,1,1,3
"CADPH-FluCAT_Ensemble",2024-12-21,0.412100218022767,452.573387440341,0.596015832773312,881.894295782275,0,1,4
"CADPH-FluCAT_Ensemble",2024-12-28,0.442764196557309,734.893943401869,0.692565610513723,1415.99275653333,0,1,4
"CADPH-FluCAT_Ensemble",2025-01-04,0.437124876709137,544.922100798856,0.6742448279228,1043.13840459442,0.25,1,4
"CADPH-FluCAT_Ensemble",2025-01-11,0.525761966494704,322.965889849779,0.290185918343745,225.645738604973,1,1,4
"CEPH-Rtrend_fluH",2024-11-30,0.756660186798161,24.3662123745819,0.725421300826545,30.7884615384615,0.384615384615385,0.75,53
"CEPH-Rtrend_fluH",2024-12-07,0.694505182577304,28.7964046822743,0.640943957476592,38.3557692307692,0.384615384615385,0.769230769230769,106
"CEPH-Rtrend_fluH",2024-12-14,0.588174643253687,37.3562848383501,0.583289217453337,55.6346153846154,0.25,0.67948717948718,159
"CEPH-Rtrend_fluH",2024-12-21,0.5944662650712,85.3814339464883,0.638679570532545,122.504807692308,0.221153846153846,0.668269230769231,212
"CEPH-Rtrend_fluH",2024-12-28,0.676304321712666,221.146011705686,0.727699881759213,277.745192307692,0.0769230769230769,0.341346153846154,212
"CEPH-Rtrend_fluH",2025-01-04,0.68306976507802,291.687389214047,0.745349905912286,359.634615384615,0.0625,0.336538461538462,212
"CEPH-Rtrend_fluH",2025-01-11,0.755868215357716,157.444404536862,0.838994787103361,211.338164251208,0.280193236714976,0.63768115942029,211
"CFA_Pyrenew-Pyrenew_H_Flu",2025-01-11,1.74073938261886,236.524227062999,1.9448890980824,353.581632653061,0.122448979591837,0.63265306122449,99
"CMU-TimeSeries",2024-11-30,0.955263024338371,30.0631394604049,0.791375142177854,33.587212022463,0.807692307692308,0.961538461538462,106
"CMU-TimeSeries",2024-12-07,0.852496371134,36.3653541389142,0.664289636624613,40.8046961304707,0.826923076923077,0.951923076923077,159
"CMU-TimeSeries",2024-12-14,0.648787584237137,42.7093864245905,0.66548477489147,63.6385282789451,0.782051282051282,0.967948717948718,212
"CMU-TimeSeries",2024-12-21,0.5753607105171,83.4879401445348,0.759831891850973,142.661673105673,0.605769230769231,0.966346153846154,265
"CMU-TimeSeries",2024-12-28,0.639073452111764,207.729214435087,0.871524012120502,330.538004011628,0.206730769230769,0.764423076923077,265
"CMU-TimeSeries",2025-01-04,0.752206832837035,317.96375160795,0.937132523423815,448.190905320936,0.0576923076923077,0.572115384615385,265
"CMU-TimeSeries",2025-01-11,0.766638908101431,164.272540344585,0.953440895193201,247.684490627168,0.355769230769231,0.908653846153846,265
"CMU-climate_baseline",2024-11-30,1.84945151950247,55.8284207320913,1.73327798048408,73.6614087031194,0.653846153846154,1,106
"CMU-climate_baseline",2024-12-07,1.72259281659654,68.9791620921028,1.41323240063368,89.1546154283389,0.653846153846154,0.980769230769231,159
"CMU-climate_baseline",2024-12-14,1.05898089328543,66.7486196781822,0.845535801906522,80.01570737066,0.865384615384615,0.987179487179487,212
"CMU-climate_baseline",2024-12-21,0.636093338158547,91.5881920308946,0.667310210943974,124.744233596298,0.8125,0.975961538461538,265
"CMU-climate_baseline",2024-12-28,0.599249414471159,194.704580672563,0.847497017933727,320.242594559572,0.403846153846154,0.850961538461538,265
"CMU-climate_baseline",2025-01-04,0.908129697596597,365.936568757321,1.16645478867871,532.168738392582,0.144230769230769,0.538461538461538,265
"CMU-climate_baseline",2025-01-11,1.17605784115966,237.088991667869,1.54178540941022,376.517465468004,0.182692307692308,0.870192307692308,212
"CU-ensemble",2024-11-30,0.822036145808072,26.4628177257525,0.809155933292193,34.1153846153846,0.711538461538462,0.961538461538462,53
"CU-ensemble",2024-12-07,0.736581838425966,31.2457984949833,0.73116412582722,44.0769230769231,0.567307692307692,0.923076923076923,106
"CU-ensemble",2024-12-14,0.605516151961028,39.1036176142698,0.654116935061555,62.0448717948718,0.365384615384615,0.884615384615385,159
"CU-ensemble",2024-12-21,0.707424899185547,101.04495819398,0.759773755165171,142.182692307692,0.278846153846154,0.721153846153846,212
"CU-ensemble",2024-12-28,0.814754267596178,264.161224916388,0.886108766979448,335.721153846154,0.0192307692307692,0.379807692307692,212
"CU-ensemble",2025-01-04,0.882833663914823,372.786158026756,0.981286868016035,464.4375,0.0336538461538462,0.264423076923077,212
"CU-ensemble",2025-01-11,0.827332821643551,177.947849080268,0.956224892487036,247.701923076923,0.317307692307692,0.774038461538462,212
"FluSight-baseline",2024-11-30,1,31.4044899665552,1,41.5769230769231,0.288461538461538,0.942307692307692,106
"FluSight-baseline",2024-12-07,1,42.394402173913,1,60.9230769230769,0.240384615384615,0.932692307692308,159
"FluSight-baseline",2024-12-14,1,64.7663823857302,1,96.5641025641026,0.121794871794872,0.852564102564103,212
"FluSight-baseline",2024-12-21,1,145.216929347826,1,191.264423076923,0.0432692307692308,0.581730769230769,265
"FluSight-baseline",2024-12-28,1,324.956555183946,1,379.302884615385,0.0144230769230769,0.216346153846154,265
"FluSight-baseline",2025-01-04,1,426.38656145485,1,481.75,0,0.0721153846153846,265
"FluSight-baseline",2025-01-11,1,215.761513377926,1,262.336538461538,0.0673076923076923,0.447115384615385,265
"FluSight-ensemble",2024-11-30,0.775835599906902,25.2755852842809,0.783920079708944,33.2884615384615,0.538461538461538,0.903846153846154,106
"FluSight-ensemble",2024-12-07,0.728964622356967,31.390631270903,0.75572580605523,46.1923076923077,0.403846153846154,0.903846153846154,106
"FluSight-ensemble",2024-12-14,0.70364302798437,46.1691025641026,0.741710933617343,72.0961538461538,0.185897435897436,0.737179487179487,159
"FluSight-ensemble",2024-12-21,0.771432356029767,113.120767140468,0.809169078791313,155.269230769231,0.144230769230769,0.514423076923077,212
"FluSight-ensemble",2024-12-28,0.833866793388178,271.963428093645,0.880598301846504,334.370192307692,0.0144230769230769,0.177884615384615,212
"FluSight-ensemble",2025-01-04,0.839054301716452,360.774862040134,0.917004278089867,440.923076923077,0.0384615384615385,0.1875,212
"FluSight-ensemble",2025-01-11,0.778513242801275,167.337161371237,0.911621621937808,235.971153846154,0.230769230769231,0.677884615384615,212
"FluSight-lop_norm",2024-11-30,0.738428643787868,23.6055602006689,0.797990360592128,33.9230769230769,0.615384615384615,0.980769230769231,106
"FluSight-lop_norm",2024-12-07,0.71084213434616,30.3202591973244,0.789989233182498,48.2211538461538,0.471153846153846,0.971153846153846,106
"FluSight-lop_norm",2024-12-14,0.679536651704162,44.3897491638796,0.776738908218751,75.5128205128205,0.288461538461538,0.974358974358974,159
"FluSight-lop_norm",2024-12-21,0.677090699136753,99.3311789297659,0.825751174578388,158.509615384615,0.211538461538462,0.913461538461538,212
"FluSight-lop_norm",2024-12-28,0.709337774240801,231.567717391304,0.884045227464244,335.826923076923,0.0240384615384615,0.620192307692308,212
"FluSight-lop_norm",2025-01-04,0.73693931618624,314.914030100334,0.933627049935728,446.956730769231,0.0528846153846154,0.548076923076923,212
"FluSight-lop_norm",2025-01-11,0.715899114171743,151.695077341137,0.913377814217574,236.975961538462,0.365384615384615,0.927884615384615,212
"FluSight-trained_mean",2025-01-04,0.597704002747227,139.030349710379,0.730866161759038,207.427395227613,0.211538461538462,0.692307692307692,53
"FluSight-trained_mean",2025-01-11,0.884485788007315,138.216205309887,1.11109544593752,217.880305524602,0.269230769230769,0.875,106
"FluSight-trained_med",2025-01-04,0.73674748031566,168.796864631814,0.864382524695272,239.302013178243,0.153846153846154,0.557692307692308,53
"FluSight-trained_med",2025-01-11,0.633590539233362,102.662236468837,0.769864900772302,155.248524147813,0.442307692307692,0.894230769230769,106
"Gatech-ensemble_point",2024-11-30,0.855614496296169,27.49872909699,0.894736000726205,37.7115384615385,0.403846153846154,0.923076923076923,52
"Gatech-ensemble_point",2024-12-07,0.978090111584235,43.7630518394649,0.915908360564332,58.4711538461538,0.346153846153846,0.721153846153846,104
"Gatech-ensemble_point",2024-12-14,0.987148951481345,67.1641750278707,0.922509413735418,91.4935897435897,0.179487179487179,0.519230769230769,156
"Gatech-ensemble_point",2024-12-21,1.01801060178839,150.936034698997,0.961475520522059,185.533653846154,0.0721153846153846,0.3125,208
"Gatech-ensemble_point",2024-12-28,0.972991498827308,315.673712374582,0.953171681227932,360.759615384615,0.00480769230769231,0.100961538461538,208
"Gatech-ensemble_point",2025-01-04,0.956097922493111,416.674882943144,0.966432678251332,471.302884615385,0.0288461538461538,0.129807692307692,208
"Gatech-ensemble_point",2025-01-11,0.948390689667351,209.997081939799,0.981243996076516,261.475961538462,0.177884615384615,0.447115384615385,208
"Gatech-ensemble_prob",2024-11-30,1.24910992633085,38.1341471571906,1.19426321474034,48.6923076923077,0.230769230769231,0.634615384615385,52
"Gatech-ensemble_prob",2024-12-07,1.71159131473591,67.5465719063545,1.44101812684438,82.6153846153846,0.0961538461538462,0.346153846153846,104
"Gatech-ensemble_prob",2024-12-14,1.65805095220428,105.68610367893,1.3245956508906,125.198717948718,0.0384615384615385,0.173076923076923,156
"Gatech-ensemble_prob",2024-12-21,1.27609069395284,187.432420568562,1.11348469455912,213.144230769231,0.0673076923076923,0.168269230769231,208
"Gatech-ensemble_prob",2024-12-28,1.21572736518641,393.842512541806,1.11544092390744,421.649038461538,0.00480769230769231,0.0240384615384615,208
"Gatech-ensemble_prob",2025-01-04,1.26462873011041,539.980326086957,1.19262312414755,572.913461538462,0.0288461538461538,0.0673076923076923,208
"Gatech-ensemble_prob",2025-01-11,1.4494752590627,322.263764632107,1.34737817956035,358.451923076923,0.110576923076923,0.259615384615385,208
"ISU_NiemiLab-GPE",2024-11-30,0.865372069137661,27.7480158112471,0.801848763367294,33.971356111325,0.346153846153846,0.711538461538462,106
"ISU_NiemiLab-GPE",2024-12-07,1.65107808957693,53.2701614183958,1.5689552621973,73.6073101985953,0.173076923076923,0.519230769230769,106
"ISU_NiemiLab-GPE",2024-12-14,2.4505736843196,135.395652176116,2.11451675838377,173.411586237475,0.182692307692308,0.5,106
"ISU_NiemiLab-GPE",2024-12-21,0.75683047106246,102.142485151951,0.799745669196623,141.727405437409,0.301282051282051,0.647435897435897,159
"ISU_NiemiLab-GPE",2024-12-28,0.556222535817076,183.00961978709,0.61444511030401,235.660476885746,0.221153846153846,0.5,212
"ISU_NiemiLab-GPE",2025-01-04,0.615635959893066,261.49808666137,0.696073173577627,331.689970601562,0.182692307692308,0.456730769230769,212
"ISU_NiemiLab-GPE",2025-01-11,0.887186036910713,184.438431029227,0.962181230637562,242.825213987205,0.240384615384615,0.610576923076923,212
"JHUAPL-DMD",2024-11-30,0.948788421646251,29.7210220909311,0.97481043200819,40.8341951112692,0.903846153846154,0.980769230769231,106
"JHUAPL-DMD",2024-12-07,0.785798534888271,33.5170581656197,0.801292461718182,49.9940585017596,0.836538461538462,0.990384615384615,159
"JHUAPL-DMD",2024-12-14,0.645005362978788,42.7641428746116,0.736157085502824,73.1206962624359,0.57051282051282,0.993589743589744,212
"JHUAPL-DMD",2024-12-21,0.569108722011919,84.7363041449652,0.741810786101048,145.231426990236,0.379807692307692,0.975961538461538,265
"JHUAPL-DMD",2024-12-28,0.55183750133039,182.293882393384,0.758681658664431,291.008159936673,0.110576923076923,0.817307692307692,265
"JHUAPL-DMD",2025-01-04,0.508341441276634,217.340055601946,0.665658911069805,322.220906672928,0.235576923076923,0.802884615384615,265
"JHUAPL-DMD",2025-01-11,1.42179357153349,272.855192829279,1.71607411738268,402.456956767029,0.274038461538462,0.836538461538462,265
"JHUAPL-Morris",2025-01-11,0.610113953788608,89.5663637921085,0.704945498666442,137.800345512537,0.403846153846154,0.961538461538462,106
"JHU_CSSE-CSSE_Ensemble",2024-11-30,1.03311419874318,30.1009086246093,1.08408783216879,42.8529411764706,0.470588235294118,0.901960784313726,52
"JHU_CSSE-CSSE_Ensemble",2024-12-07,1.17481104227796,41.811751392441,1.13652616551144,60.2246732026144,0.470588235294118,0.774509803921569,104
"JHU_CSSE-CSSE_Ensemble",2024-12-14,1.07700995611993,64.1440746045278,0.97857900221977,87.8589324618736,0.241830065359477,0.581699346405229,156
"JHU_CSSE-CSSE_Ensemble",2024-12-21,0.876332286906463,126.043994551009,0.845319126921568,160.140522875817,0.17156862745098,0.475490196078431,208
"JHU_CSSE-CSSE_Ensemble",2024-12-28,0.903476180782363,317.266517694421,0.892837111494695,364.114379084967,0.0457516339869281,0.143790849673203,156
"JHU_CSSE-CSSE_Ensemble",2025-01-04,0.89064507265622,381.899784645259,0.910004441022475,435.754901960784,0.163398692810458,0.294117647058824,156
"JHU_CSSE-CSSE_Ensemble",2025-01-11,1.1955413549023,215.759996253671,1.32331251972353,296.864923747277,0.313725490196078,0.647058823529412,156
"LUcompUncertLab-chimera",2024-11-30,1.12888441552216,35.7875752508361,1.11186315176178,47.0384615384615,0.230769230769231,0.596153846153846,106
"LUcompUncertLab-chimera",2024-12-07,1.22422192138799,49.5877759197324,1.16709708890212,67.3269230769231,0.298076923076923,0.586538461538462,159
"LUcompUncertLab-chimera",2024-12-14,1.25500564850235,78.2464910813824,1.08526521493947,100.326923076923,0.166666666666667,0.506410256410256,212
"LUcompUncertLab-chimera",2024-12-21,0.993049181830644,144.792474916388,0.914537663162326,174.298076923077,0.206730769230769,0.485576923076923,265
"LUcompUncertLab-chimera",2024-12-28,0.882651692487903,287.224034280936,0.888188564986006,337.798076923077,0.0961538461538462,0.331730769230769,265
"LUcompUncertLab-chimera",2025-01-04,1.08858024082173,452.218601588629,1.11213987849078,519.153846153846,0.0144230769230769,0.0961538461538462,265
"LUcompUncertLab-chimera",2025-01-11,1.25464763965966,270.433001672241,1.26368590238292,327.048076923077,0.129807692307692,0.379807692307692,265
"LosAlamos_NAU-CModel_Flu",2024-12-14,0.772205404051382,37.2905331103679,0.758606017704912,54.0673076923077,0.5,0.942307692307692,53
"LosAlamos_NAU-CModel_Flu",2024-12-21,0.63819442857077,76.4410409908027,0.70493516888325,112.211538461538,0.288461538461538,0.855769230769231,106
"LosAlamos_NAU-CModel_Flu",2024-12-28,0.634731853239539,193.480970958751,0.792723603204933,285.480769230769,0.153846153846154,0.57051282051282,159
"LosAlamos_NAU-CModel_Flu",2025-01-04,0.662359990500199,270.614477508361,0.859027232465939,396.514423076923,0.144230769230769,0.567307692307692,212
"LosAlamos_NAU-CModel_Flu",2025-01-11,0.698534458609881,143.06555805811,0.915870388859834,229.831730769231,0.423076923076923,0.913461538461538,212
"MIGHTE-Joint",2024-11-30,0.898948835492853,29.289381270903,0.815595267442435,34.9423076923077,0.346153846153846,0.769230769230769,53
"MIGHTE-Joint",2024-12-07,0.652363776675163,28.8676463210702,0.638084405248424,39.9903846153846,0.298076923076923,0.778846153846154,106
"MIGHTE-Joint",2024-12-14,0.608277794472026,40.4453037904125,0.585720263224923,57.5320512820513,0.256410256410256,0.666666666666667,159
"MIGHTE-Joint",2024-12-21,0.73997395023281,107.761379598662,0.721325538406331,138.067307692308,0.201923076923077,0.495192307692308,212
"MIGHTE-Joint",2024-12-28,0.819249404470657,266.266697324415,0.813309856857313,308.6875,0.0384615384615385,0.216346153846154,212
"MIGHTE-Joint",2025-01-04,0.860392689537135,368.584813963211,0.899342002879961,430.149038461538,0.0384615384615385,0.225961538461538,212
"MIGHTE-Joint",2025-01-11,0.809695713602774,175.538035117057,0.879970764127571,229.014423076923,0.283653846153846,0.668269230769231,212
"MIGHTE-Nsemble",2024-11-30,0.886211437364299,29.0425919732441,0.815071872663981,35.0384615384615,0.403846153846154,0.75,53
"MIGHTE-Nsemble",2024-12-07,0.61711564908558,27.5340635451505,0.605492454306428,38.3365384615385,0.336538461538462,0.798076923076923,106
"MIGHTE-Nsemble",2024-12-14,0.564865275946777,37.7103790412486,0.550212735629209,54.3525641025641,0.275641025641026,0.698717948717949,159
"MIGHTE-Nsemble",2024-12-21,0.714243505640824,103.732727842809,0.703307897671328,134.307692307692,0.221153846153846,0.524038461538462,212
"MIGHTE-Nsemble",2024-12-28,0.796533528829521,258.97756270903,0.797839777977497,302.961538461538,0.0673076923076923,0.274038461538462,212
"MIGHTE-Nsemble",2025-01-04,0.852431810440749,359.705664715719,0.896116521986489,424.245192307692,0.0673076923076923,0.264423076923077,212
"MIGHTE-Nsemble",2025-01-11,0.84186561193703,178.543198160535,0.907636334314957,231.783653846154,0.278846153846154,0.663461538461538,212
"MOBS-GLEAM_FLUH",2024-11-30,0.761138120344142,22.0994652855925,0.748945500731576,29.1096470588235,0.352941176470588,0.745098039215686,104
"MOBS-GLEAM_FLUH",2024-12-07,0.696669387755313,26.6203095780051,0.676083443337844,38.0011274509804,0.245098039215686,0.637254901960784,156
"MOBS-GLEAM_FLUH",2024-12-14,0.727651511525901,46.7185218726911,0.652866907875304,62.9600522875817,0.137254901960784,0.483660130718954,208
"MOBS-GLEAM_FLUH",2024-12-21,0.696091430507385,103.921822141944,0.6988540417911,135.679068627451,0.147058823529412,0.455882352941176,260
"MOBS-GLEAM_FLUH",2024-12-28,0.780362599759427,257.851270963342,0.796803215334987,305.726490196078,0.0392156862745098,0.196078431372549,260
"MOBS-GLEAM_FLUH",2025-01-04,0.74615949517339,326.136913895993,0.764243310789597,373.269607843137,0.127450980392157,0.299019607843137,259
"MOBS-GLEAM_FLUH",2025-01-11,0.941213303293751,177.447868922682,1.03695627530195,240.418719211823,0.187192118226601,0.536945812807882,258
"NEU_ISI-AdaptiveEnsemble",2024-11-30,0.917780536273173,17.18595463138,1.03599237493179,28.1304347826087,0.434782608695652,0.826086956521739,47
"NEU_ISI-AdaptiveEnsemble",2024-12-07,0.68051782057235,22.5022780797101,0.703126339804458,35.1354166666667,0.3125,0.802083333333333,98
"NEU_ISI-AdaptiveEnsemble",2024-12-14,0.652002208242082,39.8593566392479,0.672522434582804,61.4121621621622,0.175675675675676,0.668918918918919,151
"NEU_ISI-AdaptiveEnsemble",2024-12-21,0.63990827508536,92.8850994100939,0.690982058222377,130.91959798995,0.221105527638191,0.592964824120603,203
"NEU_ISI-AdaptiveEnsemble",2024-12-28,0.687786079986051,218.041349325337,0.780800530760763,289.704433497537,0.0591133004926108,0.379310344827586,207
"NEU_ISI-AdaptiveEnsemble",2025-01-04,0.808532293476605,326.723693520887,0.912046651623032,417.073529411765,0.0392156862745098,0.308823529411765,208
"NEU_ISI-AdaptiveEnsemble",2025-01-11,0.771005975013669,148.550632802411,0.905688976959281,217.074257425743,0.287128712871287,0.702970297029703,206
"NEU_ISI-FluBcast",2024-12-07,0.564642138619022,16.7658333333333,0.613676352107844,26.9166666666667,0.375,0.895833333333333,49
"NEU_ISI-FluBcast",2024-12-14,0.593596954906177,33.1361005434783,0.58789970114655,48.6354166666667,0.260416666666667,0.604166666666667,98
"NEU_ISI-FluBcast",2024-12-21,0.645217330041698,88.5435556879095,0.659309448063281,118.753424657534,0.13013698630137,0.397260273972603,149
"NEU_ISI-FluBcast",2024-12-28,0.700585420267853,231.03200310559,0.726400150371187,279.102040816327,0.0408163265306122,0.188775510204082,200
"NEU_ISI-FluBcast",2025-01-04,0.75047455491772,302.908982564555,0.775501778032583,355.203045685279,0.0406091370558376,0.142131979695431,201
"NEU_ISI-FluBcast",2025-01-11,0.705202025850158,125.98807106599,0.768300475729323,171.58883248731,0.213197969543147,0.553299492385787,201
"NIH-Flu_ARIMA",2024-11-30,0.940088783280274,29.9881841432225,0.870182104263244,36.6078431372549,0.117647058823529,0.450980392156863,52
"NIH-Flu_ARIMA",2024-12-07,0.713286322480897,30.1558994032396,0.689401253346413,40.921568627451,0.117647058823529,0.647058823529412,104
"NIH-Flu_ARIMA",2024-12-14,0.671070300441439,43.4929724353509,0.638161211601736,60.921568627451,0.117647058823529,0.516339869281046,156
"NIH-Flu_ARIMA",2024-12-21,0.692038292218262,96.0085507246377,0.717479093210272,130.514705882353,0.0882352941176471,0.446078431372549,208
"NIH-Flu_ARIMA",2024-12-28,0.765390212901255,233.33865942029,0.808472675496603,287.926470588235,0.0441176470588235,0.161764705882353,208
"NIH-Flu_ARIMA",2025-01-04,0.762501172506372,313.092806905371,0.834637657683644,385.240196078431,0.0392156862745098,0.264705882352941,208
"NIH-Flu_ARIMA",2025-01-11,0.788856556458952,163.438156436488,0.892337623853554,224.147058823529,0.205882352941176,0.642156862745098,208
"OHT_JHU-nbxd",2024-11-30,0.86179266476218,27.4444952341137,0.902862971537964,38.0530769230769,0.403846153846154,0.865384615384615,106
"OHT_JHU-nbxd",2024-12-07,0.871919998276494,36.162810451505,0.866835423681898,51.6500961538462,0.557692307692308,0.855769230769231,159
"OHT_JHU-nbxd",2024-12-14,0.643192572533319,42.0355163322185,0.666822711055092,65.3641025641026,0.455128205128205,0.903846153846154,212
"OHT_JHU-nbxd",2024-12-21,0.593340880206497,86.1019433110368,0.735357657953513,139.381923076923,0.293269230769231,0.793269230769231,265
"OHT_JHU-nbxd",2024-12-28,0.656826858977615,216.286872073579,0.786697233270367,300.163990384615,0.100961538461538,0.475961538461538,265
"OHT_JHU-nbxd",2025-01-04,0.848944766975839,349.205217830268,0.994195552753964,459.582644230769,0.0576923076923077,0.302884615384615,212
"OHT_JHU-nbxd",2025-01-11,0.855712934023627,180.476691910535,1.03546778455452,264.808846153846,0.197115384615385,0.625,212
"PSI-PROF",2024-11-30,0.668496888619303,22.5272605351171,0.625331465433936,27.6346153846154,0.730769230769231,0.961538461538462,53
"PSI-PROF",2024-12-07,0.545097045982185,24.8050091555184,0.530419092740098,35.0618269230769,0.605769230769231,0.961538461538462,106
"PSI-PROF",2024-12-14,0.550253985655149,37.8073337792642,0.582469597062322,60.3542307692308,0.423076923076923,0.92948717948718,159
"PSI-PROF",2024-12-21,0.598537070821379,90.1439455058528,0.743638077076173,145.287836538462,0.192307692307692,0.826923076923077,212
"PSI-PROF",2024-12-28,0.640980195079154,211.072828219064,0.818214193913698,312.044711538462,0.0961538461538462,0.697115384615385,212
"PSI-PROF",2025-01-04,0.653032509992746,285.805465342809,0.824109874064269,405.497884615385,0.144230769230769,0.6875,212
"PSI-PROF",2025-01-11,0.797927229696453,165.097590739967,0.991792052979033,248.9525,0.375,0.850961538461538,212
"PSI-PROF_beta",2024-12-07,0.514112069067414,16.9072126254181,0.513426127231624,24.3246153846154,0.596153846153846,0.884615384615385,53
"PSI-PROF_beta",2024-12-14,0.531627192357688,29.7807964464883,0.486073155728375,40.9231730769231,0.528846153846154,0.846153846153846,106
"PSI-PROF_beta",2024-12-21,0.566004178601685,77.2186733277592,0.62741667940143,111.353205128205,0.378205128205128,0.769230769230769,159
"PSI-PROF_beta",2024-12-28,0.640157349456637,211.713302299331,0.751220972900684,288.179423076923,0.110576923076923,0.576923076923077,212
"PSI-PROF_beta",2025-01-04,0.611227517897804,269.9150840301,0.745468213300076,369.338653846154,0.173076923076923,0.620192307692308,212
"PSI-PROF_beta",2025-01-11,0.770709605501899,158.551940259197,0.946270488608552,236.161057692308,0.350961538461538,0.826923076923077,212
"SigSci-TSENS",2024-11-30,0.661713054335044,12.2860586011342,0.68534476219609,18.3695652173913,0.760869565217391,1,47
"SigSci-TSENS",2024-12-07,0.684343485696654,23.8227816736793,0.695672124697593,36.4301075268817,0.623655913978495,0.924731182795699,95
"SigSci-TSENS",2024-12-14,0.747150425466698,45.7260383095166,0.784842833422927,72.0559440559441,0.34965034965035,0.762237762237762,146
"SigSci-TSENS",2024-12-21,0.850570284406061,124.827334985357,0.85292366240118,164.911917098446,0.238341968911917,0.523316062176166,197
"SigSci-TSENS",2024-12-28,0.906294897995623,296.591619734174,0.902422773523349,345.59067357513,0.0725388601036269,0.196891191709845,197
"SigSci-TSENS",2025-01-04,0.955448063638529,395.740527626812,0.955324917951391,446.765625,0.00520833333333333,0.135416666666667,196
"SigSci-TSENS",2025-01-11,1.0627329719088,200.388462242563,1.02642214959728,241.589473684211,0.110526315789474,0.373684210526316,194
"Stevens-ILIForecast",2024-11-30,2.0974565940009,61.8796655518395,1.83652586394886,72.9423076923077,0.230769230769231,0.538461538461538,106
"Stevens-ILIForecast",2024-12-07,2.36316424489076,91.9469983277592,1.87766456240047,106.182692307692,0.211538461538462,0.384615384615385,159
"Stevens-ILIForecast",2024-12-14,2.16878726137827,133.59265328874,1.64045023467135,150.641025641026,0.0961538461538462,0.262820512820513,212
"Stevens-ILIForecast",2024-12-21,1.45260279636876,211.122585702341,1.25612685273644,238.259615384615,0.168269230769231,0.326923076923077,265
"Stevens-ILIForecast",2024-12-28,1.10441412858974,356.708894230769,1.11421676072943,420.6875,0.134615384615385,0.298076923076923,265
"Stevens-ILIForecast",2025-01-04,1.4321620568847,576.834287207358,1.38468821248663,631.783653846154,0.0288461538461538,0.0625,265
"Stevens-ILIForecast",2025-01-11,1.91292109429043,383.136390050167,1.75730511925684,431.980769230769,0.0576923076923077,0.120192307692308,265
"UGA_CEID-Walk",2024-12-07,1.64542515864732,53.3724469816054,1.37172961744078,64.5700961538462,0.0961538461538462,0.346153846153846,53
"UGA_CEID-Walk",2024-12-14,1.58549246193982,88.0517386329431,1.24921799095617,103.296644230769,0.0288461538461538,0.0961538461538462,106
"UGA_CEID-Walk",2024-12-21,1.38527654546721,186.018435852843,1.1689944825976,205.943365384615,0.0192307692307692,0.0512820512820513,159
"UGA_CEID-Walk",2024-12-28,1.21359283294086,393.549987619147,1.11031552232863,420.259129807692,0.0144230769230769,0.0336538461538462,212
"UGA_CEID-Walk",2025-01-04,1.29057402316344,531.80551951087,1.23262969469409,573.909456730769,0,0.0288461538461538,212
"UGA_CEID-Walk",2025-01-11,1.30257809299082,282.461787943144,1.28309580781181,334.120057692308,0.134615384615385,0.298076923076923,212
"UGA_flucast-Copycat",2024-12-07,0.579437868343106,18.6713963210702,0.639205608477209,29.7884615384615,0.384615384615385,0.788461538461538,53
"UGA_flucast-Copycat",2024-12-14,0.725368859041294,40.9911998327759,0.745128629298975,62.3461538461538,0.163461538461538,0.615384615384615,106
"UGA_flucast-Copycat",2024-12-21,0.730056790097131,99.154350613155,0.836064503189811,148.288461538462,0.102564102564103,0.564102564102564,159
"UGA_flucast-Copycat",2024-12-28,0.788113854869087,277.994570791527,0.929259721493473,379.128205128205,0.0128205128205128,0.282051282051282,159
"UGA_flucast-Copycat",2025-01-04,0.747130413565108,321.891477146042,0.904855653810561,437.974358974359,0.0769230769230769,0.41025641025641,159
"UGA_flucast-Copycat",2025-01-11,0.831528576740276,165.319311594203,1.0291452661037,252.128205128205,0.307692307692308,0.782051282051282,159
"UGA_flucast-INFLAenza",2024-11-30,0.777686828270766,26.0729682274247,0.76897646833628,33.8653846153846,0.596153846153846,0.961538461538462,53
"UGA_flucast-INFLAenza",2024-12-07,0.666052928230208,29.2289130434783,0.671759525052813,41.375,0.509615384615385,0.923076923076923,106
"UGA_flucast-INFLAenza",2024-12-14,0.644684671800487,42.5219871794872,0.685475988509007,66.75,0.282051282051282,0.846153846153846,159
"UGA_flucast-INFLAenza",2024-12-21,0.603377695966845,89.0833068561873,0.719490330175714,138.274038461538,0.211538461538462,0.730769230769231,212
"UGA_flucast-INFLAenza",2024-12-28,0.720138824151845,235.068275501672,0.854851428448288,324.096153846154,0.0240384615384615,0.360576923076923,212
"UGA_flucast-INFLAenza",2025-01-04,0.772249951337917,332.357337113294,0.929944062670776,446.007211538462,0.0576923076923077,0.360576923076923,212
"UGA_flucast-INFLAenza",2025-01-11,0.898443545263931,196.574550449415,1.05750259665463,279.060096153846,0.25,0.673076923076923,212
"UGA_flucast-Scenariocast",2024-12-07,0.56287437512459,18.2053010033445,0.597157831560556,27.8269230769231,0.557692307692308,0.903846153846154,53
"UGA_flucast-Scenariocast",2024-12-14,0.608217481822533,34.5603637123746,0.610972139620204,51.7211538461538,0.403846153846154,0.836538461538462,106
"UGA_flucast-Scenariocast",2024-12-21,0.525459401876904,72.2632887402453,0.627738689362835,112.384615384615,0.288461538461538,0.730769230769231,159
"UGA_flucast-Scenariocast",2024-12-28,0.538057374352096,179.398881688963,0.687640793809608,265.158653846154,0.163461538461538,0.572115384615385,212
"UGA_flucast-Scenariocast",2025-01-04,0.496152048679955,214.080677257525,0.592788024780494,294.778846153846,0.336538461538462,0.663461538461538,212
"UGA_flucast-Scenariocast",2025-01-11,0.998186980511005,196.77347826087,1.30657769605551,311.711538461538,0.370192307692308,0.923076923076923,212
"UGuelph-CompositeCurve",2024-12-07,0.797818460607806,25.9503010033445,0.916605330852007,43.0961538461538,0.423076923076923,0.711538461538462,53
"UGuelph-CompositeCurve",2024-12-14,0.948376652950639,61.0918143812709,1.00732130979324,95.8076923076923,0.25,0.519230769230769,106
"UGuelph-CompositeCurve",2024-12-21,0.753002976739794,100.130857023411,0.911105991261532,157.009615384615,0.288461538461538,0.596153846153846,108
"UGuelph-CompositeCurve",2024-12-28,0.744313537257461,257.184228876128,0.922219357166515,366.264150943396,0.113207547169811,0.39622641509434,161
"UGuelph-CompositeCurve",2025-01-04,0.880402107108757,306.460082034454,1.07119612046593,429.679245283019,0.150943396226415,0.349056603773585,161
"UGuelph-CompositeCurve",2025-01-11,0.950478658915515,183.396915244909,1.35968027569012,322.46835443038,0.316455696202532,0.689873417721519,214
"UI_CompEpi-EpiGen",2024-12-07,1.62217981960405,53.1132525083612,1.36283164592131,64.6153846153846,0.173076923076923,0.692307692307692,106
"UI_CompEpi-EpiGen",2024-12-14,1.42056776470207,79.1053260869565,1.11071287101179,92.1442307692308,0.0576923076923077,0.403846153846154,159
"UI_CompEpi-EpiGen",2024-12-21,1.21531418238737,163.58389632107,1.00254147076382,177.160256410256,0.0192307692307692,0.205128205128205,212
"UI_CompEpi-EpiGen",2024-12-28,1.1084796533382,358.940085702341,0.986363772729941,372.923076923077,0.00480769230769231,0.0384615384615385,265
"UI_CompEpi-EpiGen",2025-01-04,1.27866863086604,523.460683528428,1.15100255255325,534.225961538462,0,0.00961538461538462,212
"UI_CompEpi-EpiGen",2025-01-11,1.55185151442926,344.679102564103,1.34136182410123,355.679487179487,0,0.0192307692307692,159
"UM-DeepOutbreak",2024-11-30,1.86348800010115,55.4997440682668,1.56955365408357,62.9434548032671,0.115384615384615,0.461538461538462,53
"UM-DeepOutbreak",2024-12-07,2.20153090255517,86.4199423594053,1.68217965598055,95.743867159382,0.0288461538461538,0.298076923076923,106
"UM-DeepOutbreak",2024-12-14,1.7255824396396,109.749786016018,1.32545295350607,125.025234643482,0.0512820512820513,0.237179487179487,159
"UM-DeepOutbreak",2024-12-21,1.33764514527706,193.560447151261,1.14346369193395,216.876778001914,0.0384615384615385,0.1875,212
"UM-DeepOutbreak",2024-12-28,1.08267390386377,350.566315864251,1.00859223958612,381.306332666592,0.0192307692307692,0.0673076923076923,212
"UM-DeepOutbreak",2025-01-04,0.969057245383474,415.702619232446,0.945148565918313,456.432597987279,0.0192307692307692,0.0769230769230769,212
"UM-DeepOutbreak",2025-01-11,0.979100701399563,206.928564395551,0.997522166522571,254.227572279763,0.153846153846154,0.379807692307692,212
"UMass-AR2",2024-11-30,0.871000474376043,27.7324188666176,0.920400159359925,38.6708071997751,0.326923076923077,0.846153846153846,53
"UMass-AR2",2024-12-07,0.9019030881275,38.4155293706598,0.92945316490585,56.686710414632,0.240384615384615,0.807692307692308,106
"UMass-AR2",2024-12-14,0.913000088938263,59.7697492715662,0.907139384809098,88.1107347879327,0.128205128205128,0.58974358974359,159
"UMass-AR2",2024-12-21,0.939542201521493,137.609611876891,0.940232452028342,180.289434842317,0.0625,0.365384615384615,212
"UMass-AR2",2024-12-28,0.932874666703858,304.177845625399,0.952849486404124,361.992914640427,0.0192307692307692,0.110576923076923,212
"UMass-AR2",2025-01-04,0.851523974118065,376.65251489233,0.906196708892175,447.934568633129,0.0576923076923077,0.192307692307692,212
"UMass-AR2",2025-01-11,0.960367209133262,202.436735706503,1.08007427643984,275.887513092096,0.188405797101449,0.565217391304348,211
"UMass-flusion",2024-11-30,0.752957798305348,16.6336461573466,0.831269621700562,25.0694294978456,0.450980392156863,0.92156862745098,52
"UMass-flusion",2024-12-07,0.759441885052209,27.8818114080977,0.809851655661074,42.9953600699131,0.323529411764706,0.892156862745098,104
"UMass-flusion",2024-12-14,0.789322470610944,48.7343847696991,0.79857047518338,73.4767714216587,0.124183006535948,0.647058823529412,156
"UMass-flusion",2024-12-21,0.844149857904222,122.911216888328,0.845925917697387,161.024939919595,0.107317073170732,0.448780487804878,209
"UMass-flusion",2024-12-28,0.868681293469138,282.828938680467,0.886477962527388,336.608696449662,0.0242718446601942,0.203883495145631,210
"UMass-flusion",2025-01-04,0.809318348761938,351.972533313212,0.880091000956153,425.609835175249,0.111111111111111,0.304347826086957,211
"UMass-flusion",2025-01-11,0.853691624385824,175.757415335555,0.981869370050716,244.402927057674,0.246376811594203,0.729468599033816,211
"UMass-trends_ensemble",2024-11-30,0.945403094763214,30.1791847826087,0.914083722049614,38.3653846153846,0.288461538461538,0.634615384615385,53
"UMass-trends_ensemble",2024-12-07,0.968591238342605,41.4691367056856,0.890896365817093,54.625,0.192307692307692,0.403846153846154,106
"UMass-trends_ensemble",2024-12-14,1.07180639215587,70.1427647714604,0.893744285539626,86.724358974359,0.0833333333333333,0.211538461538462,159
"UMass-trends_ensemble",2024-12-21,1.0475095273906,153.824772157191,0.921215690457091,176.735576923077,0.0480769230769231,0.139423076923077,212
"UMass-trends_ensemble",2024-12-28,0.99437736270654,324.250506897993,0.940908582786243,357.867788461538,0.0144230769230769,0.0576923076923077,212
"UMass-trends_ensemble",2025-01-04,0.886248195238085,388.477952550167,0.913721063544746,443.661057692308,0.0625,0.168269230769231,212
"UMass-trends_ensemble",2025-01-11,0.946786752726535,198.5546875,0.998654695977237,253.430288461538,0.192307692307692,0.427884615384615,212
"UNC_IDD-InfluPaint",2024-12-14,0.45609636654896,21.8114199174397,0.447913729823748,32.0794029505951,0.235294117647059,0.686274509803922,52
"UNC_IDD-InfluPaint",2024-12-21,0.617921176230438,73.8830010030703,0.599810690338354,95.3369189426046,0.0980392156862745,0.470588235294118,104
"UNC_IDD-InfluPaint",2024-12-28,0.653899944794331,201.248731627313,0.66658300699251,241.039504247781,0.0457516339869281,0.274509803921569,156
"UNC_IDD-InfluPaint",2025-01-04,0.600533786183575,291.76160641647,0.660391294428009,356.837054420103,0.0718954248366013,0.26797385620915,156
"UNC_IDD-InfluPaint",2025-01-11,0.441764451924263,107.675285647577,0.539390313388066,155.18762860572,0.352941176470588,0.794117647058823,104
"UVAFluX-CESGCN",2025-01-04,1.13765563958597,258.635256359187,1.04629219990241,289.045478197245,0.0961538461538462,0.173076923076923,104
"UVAFluX-CESGCN",2025-01-11,0.820155715670654,132.721947008691,0.925111338022224,186.613816770147,0.278846153846154,0.759615384615385,156
"UVAFluX-Ensemble",2024-11-30,0.785177596714606,25.7370066889632,0.724390329082017,31.5384615384615,0.403846153846154,0.769230769230769,106
"UVAFluX-Ensemble",2024-12-07,0.742608809418029,32.6841262541806,0.677570052408913,42.4807692307692,0.25,0.528846153846154,159
"UVAFluX-Ensemble",2024-12-14,0.824093194384638,55.6104988851728,0.668648305977795,67.0448717948718,0.0897435897435897,0.294871794871795,212
"UVAFluX-Ensemble",2024-12-21,0.851099435510184,127.490468227425,0.769148032599489,149.4375,0.0336538461538462,0.211538461538462,265
"UVAFluX-Ensemble",2024-12-28,0.852780510394784,279.609602842809,0.828657006612467,316.4375,0.0288461538461538,0.0769230769230769,265
"UVAFluX-Ensemble",2025-01-04,0.739042601447575,329.721630434783,0.749998532433816,377.100961538462,0.129807692307692,0.211538461538462,265
"UVAFluX-Ensemble",2025-01-11,0.885549320672999,182.888189799331,1.04819794778694,261.235576923077,0.197115384615385,0.567307692307692,265
"VTSanghani-PRIME",2024-11-30,1.12741954648947,35.4538127090301,1.1359404803728,47.1730769230769,0.365384615384615,0.788461538461538,106
"VTSanghani-PRIME",2024-12-07,1.23073613239361,50.440610367893,1.14301821895983,66.4519230769231,0.346153846153846,0.740384615384615,159
"VTSanghani-PRIME",2024-12-14,1.00233323041365,63.2503511705686,0.858226845983516,79.9294871794872,0.403846153846154,0.66025641025641,212
"VTSanghani-PRIME",2024-12-21,0.979525758581751,141.73637458194,0.861201621975372,163.041025641026,0.317948717948718,0.456410256410256,252
"VTSanghani-PRIME",2024-12-28,0.932839674361915,307.828017200191,0.885529993150228,342.313186813187,0.203296703296703,0.302197802197802,239
"VTSanghani-PRIME",2025-01-04,1.1749952174437,472.546316986855,1.12685529325145,514.883720930233,0.0232558139534884,0.0755813953488372,229
"VTSanghani-PRIME",2025-01-11,1.2862870715799,267.84150310559,1.21741543930305,308.325714285714,0.291428571428571,0.388571428571429,232
"fjordhest-ensemble",2024-11-30,0.83506552222915,26.6305443143813,0.89127755090295,37.3903846153846,0.557692307692308,0.961538461538462,105
"fjordhest-ensemble",2024-12-07,0.826372887510858,35.0565362600253,0.910766318250973,54.8994174757282,0.368932038834951,0.902912621359223,105
"fjordhest-ensemble",2024-12-14,0.857623781685156,55.5489794109397,0.920954714967685,88.4293548387097,0.154838709677419,0.709677419354839,158
"fjordhest-ensemble",2024-12-21,0.862201411198971,126.189965385423,0.935279911035097,178.609275362319,0.111111111111111,0.449275362318841,211
"fjordhest-ensemble",2024-12-28,0.862489018635462,277.435704283572,0.931406719959985,349.54921182266,0.0147783251231527,0.123152709359606,207
"fjordhest-ensemble",2025-01-04,0.831823464343678,344.956595565217,0.949811386880502,444.18465,0.035,0.18,204
"fjordhest-ensemble",2025-01-11,0.725724350847537,141.706731714853,0.893823274627724,216.613197969543,0.294416243654822,0.725888324873096,201
