"model_id","reference_date","wis_scaled_relative_skill","wis","ae_median_scaled_relative_skill","ae_median","interval_coverage_50","interval_coverage_95","n"
"CADPH-FluCAT_Ensemble",2024-11-30,0.384424706855671,227.701824672785,0.484233090971218,418.352117217069,0.75,1,4
"CADPH-FluCAT_Ensemble",2024-12-07,0.411403430483426,397.903421284732,0.600001369835261,771.022197694842,0.5,1,4
"CADPH-FluCAT_Ensemble",2024-12-14,0.436495097108581,602.343568331615,0.669863335161306,1163.27323008287,0.25,1,4
"CADPH-FluCAT_Ensemble",2024-12-21,0.436327595862507,619.981817880564,0.604888019179049,1065.18617075548,0.25,1,4
"CADPH-FluCAT_Ensemble",2024-12-28,0.57832196494751,599.652937057372,0.537661928266129,716.489032905458,0.75,1,4
"CADPH-FluCAT_Ensemble",2025-01-04,0.514828766606417,356.308723302007,0.628398958955604,582.71136576909,0.75,1,4
"CADPH-FluCAT_Ensemble",2025-01-11,0.992650328767637,653.686069245977,1.4741438864598,1197.37583908387,0.25,1,4
"CADPH-FluCAT_Ensemble",2025-01-18,1.29336016453114,1289.18936898856,1.49697535315222,1944.55192253561,0,0.5,4
"CADPH-FluCAT_Ensemble",2025-02-01,1.14430446906622,507.534725264078,1.26742713844619,739.1323967321,0.5,1,4
"CADPH-FluCAT_Ensemble",2025-02-08,0.955924209358784,600.441541400598,1.09666513161128,869.766651669037,0.5,1,4
"CADPH-FluCAT_Ensemble",2025-02-15,0.490700137615057,302.728499462556,0.433047899577628,376.556125479487,0.666666666666667,1,4
"CADPH-FluCAT_Ensemble",2025-02-22,0.695458403719178,323.775868729747,0.848194144300899,551.20445981501,0.5,1,4
"CADPH-FluCAT_Ensemble",2025-03-01,0.516621082207661,157.541122776472,0.584558129065541,263.50156154902,1,1,4
"CEPH-Rtrend_fluH",2024-11-30,0.538096092478404,47.2949665551839,0.593431771097409,72.6394230769231,0.418269230769231,0.855769230769231,208
"CEPH-Rtrend_fluH",2024-12-07,0.654144724722959,104.334377090301,0.727111532175026,147.365384615385,0.225961538461538,0.6875,208
"CEPH-Rtrend_fluH",2024-12-14,0.65574342894813,179.258850334448,0.70606288512903,228.177884615385,0.0625,0.432692307692308,208
"CEPH-Rtrend_fluH",2024-12-21,0.55596193818909,177.192715301003,0.597946006895881,221.855769230769,0.158653846153846,0.447115384615385,208
"CEPH-Rtrend_fluH",2024-12-28,0.794413114354454,252.809506688963,0.839795227144697,311.975961538462,0.0769230769230769,0.322115384615385,208
"CEPH-Rtrend_fluH",2025-01-04,0.82558215198434,163.603672658863,0.938253121333664,229.788461538462,0.288461538461538,0.716346153846154,208
"CEPH-Rtrend_fluH",2025-01-11,0.998058389782551,196.333812872975,1.17355107795336,289.970588235294,0.254901960784314,0.686274509803922,204
"CEPH-Rtrend_fluH",2025-01-18,1.6160614677146,478.625645780051,1.60314804076789,569.544117647059,0.053921568627451,0.28921568627451,204
"CEPH-Rtrend_fluH",2025-02-01,1.05398465519157,267.049413895993,1.19098855360994,370.044117647059,0.132352941176471,0.5,204
"CEPH-Rtrend_fluH",2025-02-08,0.594302232157295,139.159168797954,0.737755126744988,216.004901960784,0.392156862745098,0.818627450980392,204
"CEPH-Rtrend_fluH",2025-02-15,0.544343339172915,125.958931514635,0.646863664858934,187.032679738562,0.392156862745098,0.830065359477124,204
"CEPH-Rtrend_fluH",2025-02-22,0.387589170855874,58.1560535117057,0.419039046992175,83.1153846153846,0.557692307692308,0.923076923076923,208
"CEPH-Rtrend_fluH",2025-03-01,0.507723247070068,54.5210284280936,0.593648002186181,85.2307692307692,0.346153846153846,0.846153846153846,208
"CFA_Pyrenew-Pyrenew_H_Flu",2025-01-11,2.1006290825322,260.651211268855,2.44160375058728,396.551020408163,0.193877551020408,0.693877551020408,98
"CFA_Pyrenew-Pyrenew_H_Flu",2025-01-18,0.991158107034417,164.534173980978,1.30663240297687,277.807291666667,0.385416666666667,0.96875,96
"CFA_Pyrenew-Pyrenew_H_Flu",2025-02-01,0.714023971944995,183.115573935226,0.904024747117553,286.545918367347,0.275510204081633,0.86734693877551,98
"CFA_Pyrenew-Pyrenew_H_Flu",2025-02-08,0.669318498468427,140.083981816123,0.86198586226305,222.041666666667,0.510416666666667,0.958333333333333,96
"CFA_Pyrenew-Pyrenew_H_Flu",2025-02-15,0.747677302218966,148.647481770833,0.939489045967275,232.166666666667,0.46875,0.96875,96
"CFA_Pyrenew-Pyrenew_H_Flu",2025-02-22,0.690059806831489,104.46256242236,0.804367677502752,162.474489795918,0.5,0.979591836734694,98
"CFA_Pyrenew-Pyrenew_H_Flu",2025-03-01,0.72063460941944,82.1448438482886,0.826587962825379,127.117021276596,0.468085106382979,0.957446808510638,94
"CMU-TimeSeries",2024-11-30,0.65862815201152,57.9798969655678,0.653624424016969,79.8140192055153,0.798076923076923,0.947115384615385,208
"CMU-TimeSeries",2024-12-07,0.592112790414786,94.57227730333,0.762920972319979,154.053175280853,0.658653846153846,0.903846153846154,208
"CMU-TimeSeries",2024-12-14,0.636201552130822,173.585956832979,0.8446483964207,271.983361072338,0.403846153846154,0.807692307692308,208
"CMU-TimeSeries",2024-12-21,0.716760824433756,227.242138164545,0.933301190521189,344.69952889818,0.163461538461538,0.754807692307692,208
"CMU-TimeSeries",2024-12-28,0.765673412714799,247.57652867866,0.96360702970174,361.876954817605,0.0817307692307692,0.730769230769231,208
"CMU-TimeSeries",2025-01-04,0.942381547005674,186.949513661573,1.1023681482242,269.291327698985,0.326923076923077,0.850961538461538,208
"CMU-TimeSeries",2025-01-11,1.01586320261265,205.015482311575,1.21116073120962,305.733136428584,0.442307692307692,0.879807692307692,208
"CMU-TimeSeries",2025-01-18,1.06646604099798,324.013763015733,1.21053505185764,440.306395527658,0.269230769230769,0.673076923076923,208
"CMU-TimeSeries",2025-02-01,1.16453128312629,289.536806574198,1.28691140157789,394.532058956449,0.144230769230769,0.600961538461538,208
"CMU-TimeSeries",2025-02-08,0.646356517727791,150.388589614145,0.788176171946711,232.374092643193,0.509615384615385,0.913461538461538,208
"CMU-TimeSeries",2025-02-15,0.548734565424052,125.176475636292,0.6296508350622,178.879948042663,0.666666666666667,0.980769230769231,208
"CMU-TimeSeries",2025-02-22,0.482185125875646,71.8043632929851,0.413462895205505,80.9039592198252,0.769230769230769,0.990384615384615,208
"CMU-TimeSeries",2025-03-01,0.587812650663945,62.5414943553971,0.55925209899084,80.3740910920177,0.769230769230769,1,208
"CMU-climate_baseline",2024-11-30,0.836982541166145,72.3106992802702,0.775614463575834,94.0550299782966,0.75,0.980769230769231,208
"CMU-climate_baseline",2024-12-07,0.666078348730383,107.172364676649,0.770941201956763,156.878355344084,0.682692307692308,0.951923076923077,208
"CMU-climate_baseline",2024-12-14,0.657957806583298,180.302956934373,0.834414247787624,268.824578329117,0.5625,0.846153846153846,208
"CMU-climate_baseline",2024-12-21,0.698700735636375,221.784180673615,0.93140678327865,343.319749660948,0.394230769230769,0.798076923076923,208
"CMU-climate_baseline",2024-12-28,0.836471252145334,262.316015938827,1.13065849983882,412.9253857467,0.216346153846154,0.759615384615385,208
"CMU-climate_baseline",2025-01-04,1.79816355485552,353.802930741288,2.06164592257401,500.210843433171,0.0192307692307692,0.572115384615385,208
"CMU-climate_baseline",2025-01-11,1.9122952332036,379.956977784196,2.23706909093547,553.13064040025,0.0384615384615385,0.697115384615385,208
"CMU-climate_baseline",2025-02-01,2.03510041725317,497.872734018931,2.4284428799854,726.751724860405,0.0240384615384615,0.451923076923077,208
"CMU-climate_baseline",2025-02-08,1.76277632648234,406.555210448013,2.20417037085207,634.448614046879,0.0528846153846154,0.639423076923077,208
"CMU-climate_baseline",2025-02-15,1.45822468462355,336.904787098632,1.95470757634382,564.263862057232,0.0641025641025641,0.871794871794872,208
"CMU-climate_baseline",2025-02-22,1.85179038432934,278.168419335853,2.48681798468922,492.736114846163,0.0961538461538462,0.942307692307692,208
"CMU-climate_baseline",2025-03-01,2.07350182143569,223.138055015131,2.84533858168578,411.401287750527,0.153846153846154,0.980769230769231,208
"CU-ensemble",2024-11-30,0.639942383378018,55.9234427257525,0.641928168960152,78.0961538461538,0.524038461538462,0.870192307692308,208
"CU-ensemble",2024-12-07,0.78002369369803,123.652554347826,0.80110701300315,161.298076923077,0.298076923076923,0.697115384615385,208
"CU-ensemble",2024-12-14,0.831547889317894,226.949761705686,0.876917207446208,282.480769230769,0.129807692307692,0.490384615384615,208
"CU-ensemble",2024-12-21,0.841124672636007,265.83522993311,0.911138862334234,335.475961538462,0.0865384615384615,0.432692307692308,208
"CU-ensemble",2024-12-28,0.836125738194203,269.138741638796,0.964772542953275,361.399038461538,0.0673076923076923,0.495192307692308,208
"CU-ensemble",2025-01-04,0.888574653733473,175.432439381271,1.09217266883946,265.663461538462,0.389423076923077,0.822115384615385,208
"CU-ensemble",2025-01-11,0.911205077410852,181.23335493311,1.04969694610409,260.951923076923,0.384615384615385,0.841346153846154,208
"CU-ensemble",2025-01-18,1.06686741455373,321.126147575251,1.15403360454687,415.307692307692,0.264423076923077,0.5625,208
"CU-ensemble",2025-02-01,1.02758509970038,255.228532608696,1.21981264817109,371.697115384615,0.216346153846154,0.591346153846154,208
"CU-ensemble",2025-02-08,0.688150384675115,160.242035953177,0.826033498700933,240.836538461538,0.336538461538462,0.807692307692308,208
"CU-ensemble",2025-02-15,0.54432685321781,125.819211259755,0.676673439657208,195.692307692308,0.365384615384615,0.878205128205128,208
"CU-ensemble",2025-02-22,0.520743666139352,77.5599080267558,0.612813172846019,120.173076923077,0.528846153846154,0.894230769230769,208
"CU-ensemble",2025-03-01,0.47614402731199,50.4371739130435,0.558466421965367,79.0769230769231,0.596153846153846,0.961538461538462,208
"FluSight-baseline",2024-11-30,1,87.5161224916388,1,122.173076923077,0.211538461538462,0.822115384615385,208
"FluSight-baseline",2024-12-07,1,158.930378344482,1,201.653846153846,0.100961538461538,0.658653846153846,208
"FluSight-baseline",2024-12-14,1,272.811599080268,1,321.980769230769,0.0288461538461538,0.403846153846154,208
"FluSight-baseline",2024-12-21,1,317.005971989967,1,369.254807692308,0.00961538461538462,0.245192307692308,208
"FluSight-baseline",2024-12-28,1,325.672970317726,1,378.951923076923,0.0144230769230769,0.1875,208
"FluSight-baseline",2025-01-04,1,202.843898411371,1,249.514423076923,0.105769230769231,0.451923076923077,208
"FluSight-baseline",2025-01-11,1,206.12089673913,1,256.375,0.0673076923076923,0.543269230769231,208
"FluSight-baseline",2025-01-18,1,310.231465301003,1,369.913461538462,0.0432692307692308,0.442307692307692,208
"FluSight-baseline",2025-02-01,1,245.223933946488,1,301.163461538462,0.0769230769230769,0.432692307692308,208
"FluSight-baseline",2025-02-08,1,229.052094481605,1,287.355769230769,0.0817307692307692,0.557692307692308,208
"FluSight-baseline",2025-02-15,1,228.693536789298,1,286.448717948718,0.0576923076923077,0.512820512820513,208
"FluSight-baseline",2025-02-22,1,147.250869565217,1,194.240384615385,0.0576923076923077,0.605769230769231,208
"FluSight-baseline",2025-03-01,1,105.509974916388,1,141.230769230769,0.0192307692307692,0.673076923076923,208
"FluSight-ensemble",2024-11-30,0.761168397278864,67.1698056020067,0.776666518260718,95.3990384615385,0.326923076923077,0.75,208
"FluSight-ensemble",2024-12-07,0.847514646584144,135.348095735786,0.857246209012884,173.331730769231,0.173076923076923,0.567307692307692,208
"FluSight-ensemble",2024-12-14,0.844931952982077,231.658532608696,0.875361554427489,282.456730769231,0.0721153846153846,0.336538461538462,208
"FluSight-ensemble",2024-12-21,0.788877515930465,251.228129180602,0.874708981754397,323.625,0.0673076923076923,0.293269230769231,208
"FluSight-ensemble",2024-12-28,0.793862985488399,258.521927257525,0.886715691917781,334.490384615385,0.0480769230769231,0.317307692307692,208
"FluSight-ensemble",2025-01-04,0.82114270646967,164.063517976589,0.972152856817133,239.120192307692,0.331730769230769,0.725961538461538,208
"FluSight-ensemble",2025-01-11,0.849877187823891,170.535213210702,1.07115697186119,268.740384615385,0.317307692307692,0.846153846153846,208
"FluSight-ensemble",2025-01-18,1.10196579141658,332.936573996656,1.25038719618272,451.379807692308,0.240384615384615,0.543269230769231,208
"FluSight-ensemble",2025-02-01,1.00331749297317,249.639427257525,1.12092724616422,343.610576923077,0.177884615384615,0.514423076923077,208
"FluSight-ensemble",2025-02-08,0.582826720077817,134.501247909699,0.753412549681763,217.605769230769,0.418269230769231,0.879807692307692,208
"FluSight-ensemble",2025-02-15,0.494177122719568,113.523344481605,0.614102989446549,176.179487179487,0.487179487179487,0.897435897435897,208
"FluSight-ensemble",2025-02-22,0.461314053631385,68.0289046822742,0.546314338825147,105.990384615385,0.625,0.942307692307692,208
"FluSight-ensemble",2025-03-01,0.487185666576015,51.599347826087,0.582491951689349,82.4423076923077,0.615384615384615,0.942307692307692,208
"FluSight-lop_norm",2024-11-30,0.69623842490165,61.3398766722408,0.797169511189765,97.9375,0.399038461538462,0.951923076923077,208
"FluSight-lop_norm",2024-12-07,0.716813569798407,114.640052257525,0.868027694545167,175.764423076923,0.230769230769231,0.846153846153846,208
"FluSight-lop_norm",2024-12-14,0.70893664643924,194.502362040134,0.884981966536391,285.802884615385,0.129807692307692,0.778846153846154,208
"FluSight-lop_norm",2024-12-21,0.678823311884186,216.001551003344,0.870825654151554,322.235576923077,0.0961538461538462,0.735576923076923,208
"FluSight-lop_norm",2024-12-28,0.706000957657013,228.068578595318,0.905327254019021,340.173076923077,0.115384615384615,0.6875,208
"FluSight-lop_norm",2025-01-04,0.802976797975697,159.764176421405,1.02320936938422,250.764423076923,0.451923076923077,0.947115384615385,208
"FluSight-lop_norm",2025-01-11,0.794812346364464,158.902309782609,1.03060824205325,257.985576923077,0.514423076923077,0.995192307692308,208
"FluSight-lop_norm",2025-01-18,0.98124091327841,295.708321488294,1.24390932329538,448.769230769231,0.274038461538462,0.822115384615385,208
"FluSight-lop_norm",2025-02-01,0.946778832611161,234.937721571906,1.16055696959349,356.216346153846,0.211538461538462,0.793269230769231,208
"FluSight-lop_norm",2025-02-08,0.592393149578701,136.988994565217,0.73476628222815,213.418269230769,0.538461538461538,0.966346153846154,208
"FluSight-lop_norm",2025-02-15,0.494412479459118,113.749013377926,0.593194572390436,170.397435897436,0.58974358974359,0.980769230769231,208
"FluSight-lop_norm",2025-02-22,0.487474844601541,72.18247909699,0.509289724860446,98.7596153846154,0.711538461538462,0.971153846153846,208
"FluSight-lop_norm",2025-03-01,0.514022851984572,54.5191555183946,0.50475282639986,71.4038461538462,0.692307692307692,1,208
"FluSight-trained_mean",2025-01-04,1.00242065488674,198.715856119348,1.21070279907452,295.52827356533,0.350961538461538,0.793269230769231,208
"FluSight-trained_mean",2025-01-11,0.998467194966455,202.278086148527,1.2830965747749,324.942322072916,0.346153846153846,0.927884615384615,208
"FluSight-trained_mean",2025-01-18,1.1106674430443,334.246451505672,1.2619595093375,453.926848660321,0.25,0.581730769230769,208
"FluSight-trained_mean",2025-02-01,0.891993554012182,221.406687853773,1.03716859914995,317.109322331722,0.254807692307692,0.759615384615385,208
"FluSight-trained_mean",2025-02-08,0.629619849333446,145.281799778158,0.778302505403457,225.052052006872,0.552884615384615,0.951923076923077,208
"FluSight-trained_mean",2025-02-15,0.55643159003425,128.009461405046,0.684739115732268,196.550431266842,0.596153846153846,0.961538461538462,208
"FluSight-trained_mean",2025-02-22,0.656885831744701,97.7430068747639,0.721879744127083,141.165077983323,0.740384615384615,0.990384615384615,208
"FluSight-trained_mean",2025-03-01,0.717725306387111,75.4778222584303,0.711245726204481,98.9154064679403,0.769230769230769,1,208
"FluSight-trained_med",2025-01-04,0.878681069692627,174.15216210902,1.04303606059823,254.971379717797,0.317307692307692,0.725961538461538,208
"FluSight-trained_med",2025-01-11,0.950554789465161,189.249532052433,1.13456443580147,282.425722046573,0.346153846153846,0.817307692307692,208
"FluSight-trained_med",2025-01-18,1.15561066019364,348.106257303222,1.30288203413427,469.649452190205,0.230769230769231,0.528846153846154,208
"FluSight-trained_med",2025-02-01,0.966584210342058,240.155390064077,1.11180228402064,340.129893751054,0.206730769230769,0.596153846153846,208
"FluSight-trained_med",2025-02-08,0.572615388490953,132.194831239966,0.733395001871986,212.39073780062,0.451923076923077,0.908653846153846,208
"FluSight-trained_med",2025-02-15,0.52379699528175,120.3002724811,0.673901823247644,193.361050961073,0.5,0.897435897435897,208
"FluSight-trained_med",2025-02-22,0.498974385955353,74.137899763051,0.609531434417735,118.995326718589,0.721153846153846,0.951923076923077,208
"FluSight-trained_med",2025-03-01,0.609862056907604,64.4772087488177,0.666737798695196,93.9717335526918,0.807692307692308,0.980769230769231,208
"Gatech-ensemble_point",2024-11-30,1.13324935847514,99.7829577759197,1.00903441415682,123.495192307692,0.144230769230769,0.456730769230769,208
"Gatech-ensemble_point",2024-12-07,1.07159223368331,170.708827341137,0.991693897671965,200.254807692308,0.1875,0.442307692307692,208
"Gatech-ensemble_point",2024-12-14,1.02878022245388,281.335587374582,0.989745471579677,318.980769230769,0.0961538461538462,0.269230769230769,208
"Gatech-ensemble_point",2024-12-21,0.981286326153641,311.329997909699,0.980223947069527,361.899038461538,0.0673076923076923,0.182692307692308,208
"Gatech-ensemble_point",2024-12-28,0.945101085258368,311.163931856187,0.970282366596369,369.538461538462,0.0288461538461538,0.192307692307692,208
"Gatech-ensemble_point",2025-01-04,0.885064874538874,180.134506688963,0.971664154201522,243.067307692308,0.225961538461538,0.572115384615385,208
"Gatech-ensemble_point",2025-01-11,1.07637439871434,217.476352424749,1.15250741021132,290.663461538462,0.240384615384615,0.596153846153846,208
"Gatech-ensemble_point",2025-01-18,1.29194390531043,391.373415551839,1.32100724659903,478.350961538462,0.110576923076923,0.3125,208
"Gatech-ensemble_point",2025-02-01,0.877552105348373,219.522305602007,0.96610862170554,295.668269230769,0.197115384615385,0.514423076923077,208
"Gatech-ensemble_point",2025-02-08,0.59906604649615,137.843568143813,0.730364940270148,209.923076923077,0.355769230769231,0.783653846153846,208
"Gatech-ensemble_point",2025-02-15,0.726902113794486,168.225830546265,0.884159789441942,255.929487179487,0.256410256410256,0.692307692307692,208
"Gatech-ensemble_point",2025-02-22,0.671901879110221,99.0970735785953,0.80074624203085,155.865384615385,0.355769230769231,0.836538461538462,208
"Gatech-ensemble_point",2025-03-01,0.59421863522127,62.4665217391304,0.736762598166202,103.846153846154,0.365384615384615,0.903846153846154,208
"Gatech-ensemble_prob",2024-11-30,1.33680418297145,116.591935618729,1.11354867020989,135.076923076923,0.105769230769231,0.307692307692308,208
"Gatech-ensemble_prob",2024-12-07,1.37092075031611,218.292334866221,1.18492961550189,239.168269230769,0.0288461538461538,0.120192307692308,208
"Gatech-ensemble_prob",2024-12-14,1.27336430596233,347.296214464883,1.15690056012415,372.004807692308,0.0144230769230769,0.0769230769230769,208
"Gatech-ensemble_prob",2024-12-21,1.19126750842851,376.505259197324,1.11875246539259,411.774038461538,0.0625,0.149038461538462,208
"Gatech-ensemble_prob",2024-12-28,1.67257532664467,523.703058110368,1.48281568248064,542.846153846154,0.00480769230769231,0.00961538461538462,208
"Gatech-ensemble_prob",2025-01-04,1.74617672777308,344.630758779264,1.65493176943182,403.302884615385,0.0336538461538462,0.173076923076923,208
"Gatech-ensemble_prob",2025-01-11,1.05273918119251,211.921987876254,1.13115253946398,284.0625,0.259615384615385,0.610576923076923,208
"Gatech-ensemble_prob",2025-01-18,1.30859692755806,394.535221571906,1.32871268913961,479.403846153846,0.120192307692308,0.307692307692308,208
"Gatech-ensemble_prob",2025-02-01,0.950777579730707,237.66693770903,1.02385133127778,313.254807692308,0.201923076923077,0.5,208
"Gatech-ensemble_prob",2025-02-08,0.635122384178537,146.522941053512,0.757966245847036,218.360576923077,0.3125,0.764423076923077,208
"Gatech-ensemble_prob",2025-02-15,0.533862882838198,122.586895206243,0.662374639132551,190,0.41025641025641,0.833333333333333,208
"Gatech-ensemble_prob",2025-02-22,0.597947353518032,88.5323453177258,0.744075663643569,145.153846153846,0.375,0.875,208
"Gatech-ensemble_prob",2025-03-01,0.59421863522127,62.4665217391304,0.736762598166202,103.846153846154,0.365384615384615,0.903846153846154,208
"ISU_NiemiLab-GPE",2024-11-30,0.757173660130716,27.864088915033,0.701418877163942,34.0587113058196,0.365384615384615,0.711538461538462,52
"ISU_NiemiLab-GPE",2024-12-07,0.499242681635233,80.4308050891082,0.568336275284015,116.24486230164,0.3125,0.706730769230769,208
"ISU_NiemiLab-GPE",2024-12-14,0.637425527461071,173.983830325678,0.751602808134816,241.612956392543,0.3125,0.634615384615385,208
"ISU_NiemiLab-GPE",2024-12-21,0.694324900731216,219.71631513418,0.740369884309607,273.472872260444,0.0625,0.360576923076923,208
"ISU_NiemiLab-GPE",2024-12-28,0.777386265506472,249.82798008477,0.823141913213201,306.981352094881,0.0961538461538462,0.3125,208
"ISU_NiemiLab-GPE",2025-01-04,1.25661383394865,260.081458393148,1.33166807951619,338.031205206412,0.288461538461538,0.644230769230769,208
"ISU_NiemiLab-GPE",2025-01-11,1.09995153978838,221.527788481318,1.31185471188977,329.534965458149,0.307692307692308,0.754807692307692,208
"ISU_NiemiLab-GPE",2025-01-18,1.42084371183778,428.749518423504,1.46840301773799,529.938996611401,0.129807692307692,0.365384615384615,208
"ISU_NiemiLab-GPE",2025-02-01,0.997254447310472,248.628410095586,1.12171429753062,344.023041164233,0.139423076923077,0.533653846153846,208
"ISU_NiemiLab-GPE",2025-02-08,0.619172275971898,143.123637410327,0.756537236338218,218.572344294974,0.384615384615385,0.807692307692308,208
"ISU_NiemiLab-GPE",2025-02-15,0.624296630822603,144.585859018133,0.782221315748108,226.70494818134,0.320512820512821,0.807692307692308,208
"ISU_NiemiLab-GPE",2025-03-01,0.544913215673431,59.8421800044079,0.594018077175582,87.2583472946971,0.403846153846154,0.807692307692308,208
"JHUAPL-DMD",2024-11-30,0.717281963240616,62.9366356430567,0.867740507076736,106.469792063019,0.639423076923077,0.985576923076923,208
"JHUAPL-DMD",2024-12-07,0.589831817111625,94.2217479882622,0.788939481272712,159.214097658769,0.471153846153846,0.990384615384615,208
"JHUAPL-DMD",2024-12-14,0.52274845856511,144.452231040767,0.715942466072932,232.131086232466,0.331730769230769,0.966346153846154,208
"JHUAPL-DMD",2024-12-21,0.467305461465487,149.704164865064,0.625591099158447,232.930682844976,0.298076923076923,0.884615384615385,208
"JHUAPL-DMD",2024-12-28,0.570720472475111,176.992151922733,0.740210625350076,268.872212069409,0.1875,0.759615384615385,208
"JHUAPL-DMD",2025-01-04,4.20683180798052,820.462657047649,4.5283218051285,1093.28029683187,0.197115384615385,0.629807692307692,208
"JHUAPL-DMD",2025-01-11,3.97173913912532,797.153437714378,5.1510743968673,1289.9261274163,0.0576923076923077,0.860576923076923,208
"JHUAPL-DMD",2025-01-18,1.29077209287532,388.393594442183,1.45455549251008,522.988032150481,0.139423076923077,0.461538461538462,208
"JHUAPL-DMD",2025-02-01,0.998970894751266,244.971292470926,1.06215682833768,319.270008274138,0.173076923076923,0.471153846153846,208
"JHUAPL-DMD",2025-02-08,2.28062745510079,526.519740064018,2.29936492556151,666.478866103606,0.139423076923077,0.427884615384615,208
"JHUAPL-DMD",2025-02-15,1.35553413636592,308.697867350827,1.48958027031159,425.252372629038,0.230769230769231,0.58974358974359,208
"JHUAPL-DMD",2025-02-22,1.13008406490009,171.690633177041,1.30002799128051,265.510421268173,0.278846153846154,0.798076923076923,208
"JHUAPL-DMD",2025-03-01,0.646058035511105,68.0317026913199,0.677418470356645,95.4279953976923,0.673076923076923,0.942307692307692,208
"JHUAPL-Morris",2025-01-11,1.48618566777682,301.391010502922,1.62596755024216,413.890941830782,0.254807692307692,0.735576923076923,208
"JHUAPL-Morris",2025-01-18,1.46422386099573,438.215578576281,1.80052907383484,643.723217623738,0.192307692307692,0.673076923076923,208
"JHUAPL-Morris",2025-02-01,1.42226183351707,352.541634175885,1.73874490342208,528.562876224518,0.0528846153846154,0.576923076923077,208
"JHUAPL-Morris",2025-02-08,0.798324858825753,187.835347237687,1.01552226567976,304.939725389847,0.346153846153846,0.850961538461538,208
"JHUAPL-Morris",2025-02-15,0.620739440309134,144.793870319746,0.727386402117567,212.998489520489,0.641025641025641,0.91025641025641,208
"JHUAPL-Morris",2025-02-22,0.611128660352921,90.4636225252088,0.664611991951227,128.999946007362,0.538461538461538,0.894230769230769,208
"JHU_CSSE-CSSE_Ensemble",2024-11-30,0.837885660949787,68.9207451051435,0.811189000929032,94.7577614379085,0.382352941176471,0.779411764705882,204
"JHU_CSSE-CSSE_Ensemble",2024-12-07,0.947861829170929,149.509813192668,0.896404980193385,179.69362745098,0.284313725490196,0.519607843137255,204
"JHU_CSSE-CSSE_Ensemble",2024-12-14,1.06700915896619,291.796815228048,1.00625837359492,323.880718954248,0.0343137254901961,0.17156862745098,204
"JHU_CSSE-CSSE_Ensemble",2024-12-21,0.851628372912265,269.960430729611,0.874782193409428,322.015931372549,0.0441176470588235,0.176470588235294,204
"JHU_CSSE-CSSE_Ensemble",2025-01-04,0.75779984380082,143.729294906223,0.923197800594046,218.339052287582,0.563725490196078,0.877450980392157,204
"JHU_CSSE-CSSE_Ensemble",2025-01-11,3.0478998877676,637.736920289855,4.02687282152855,1056.46078431373,0.25,0.941176470588235,204
"JHU_CSSE-CSSE_Ensemble",2025-01-18,0.92272732380351,274.938904518329,1.13585500632275,404.720588235294,0.333333333333333,0.774509803921569,204
"JHU_CSSE-CSSE_Ensemble",2025-02-01,0.95768178589922,240.106172108429,1.00526816839751,309.632352941176,0.279411764705882,0.544117647058823,204
"JHU_CSSE-CSSE_Ensemble",2025-02-08,0.689564559952402,160.164327169526,0.889818524955235,258.131944444444,0.617647058823529,0.931372549019608,204
"JHU_CSSE-CSSE_Ensemble",2025-02-15,0.546461915425168,127.5623477343,0.64031311215649,186.748366013072,0.712418300653595,0.92156862745098,204
"JHU_CSSE-CSSE_Ensemble",2025-02-22,0.611439912292875,90.8866444331841,0.646556468050054,125.397058823529,0.774509803921569,0.941176470588235,204
"JHU_CSSE-CSSE_Ensemble",2025-03-01,0.715210732035674,75.2256676221938,0.77347076474893,107.970588235294,0.862745098039216,0.980392156862745,204
"LUcompUncertLab-chimera",2024-11-30,0.952951907223454,83.8503344481605,0.854265715531196,104.423076923077,0.192307692307692,0.5,208
"LUcompUncertLab-chimera",2024-12-07,1.09067732835558,173.075756688963,0.990186876962223,199.307692307692,0.158653846153846,0.408653846153846,208
"LUcompUncertLab-chimera",2024-12-14,1.13428835764246,308.84908235786,1.05247250614546,337.990384615385,0.115384615384615,0.269230769230769,208
"LUcompUncertLab-chimera",2024-12-21,0.769597984850752,248.250363712375,0.815858775983025,305.961538461538,0.173076923076923,0.399038461538462,208
"LUcompUncertLab-chimera",2024-12-28,1.17244595620553,368.580194397993,1.17367877333456,431.072115384615,0.0240384615384615,0.168269230769231,208
"LUcompUncertLab-chimera",2025-01-04,1.75709075829036,344.887136287625,1.70135926547076,413.283653846154,0.0384615384615385,0.25,208
"LUcompUncertLab-chimera",2025-01-11,1.26533889719692,251.655031354515,1.27332130517502,316.163461538462,0.235576923076923,0.629807692307692,208
"LUcompUncertLab-chimera",2025-01-18,1.52473572591625,453.554621655518,1.45437537024533,518.836538461538,0.139423076923077,0.355769230769231,208
"LUcompUncertLab-chimera",2025-02-01,1.23544036116801,301.106881270903,1.41569009682155,424.158653846154,0.139423076923077,0.514423076923077,208
"LUcompUncertLab-chimera",2025-02-08,0.930109815677425,217.62743293247,1.10660751430991,330.06914893617,0.553191489361702,0.962765957446808,188
"LUcompUncertLab-chimera",2025-03-01,0.842222486066653,87.904440333025,0.902866245794734,129.170212765957,0.574468085106383,1,188
"LosAlamos_NAU-CModel_Flu",2024-12-14,0.58803096074615,160.878147313963,0.70990563386165,229.617788461538,0.278846153846154,0.692307692307692,208
"LosAlamos_NAU-CModel_Flu",2024-12-21,0.581054873919509,184.276318060201,0.740413868582542,273.872596153846,0.197115384615385,0.711538461538462,208
"LosAlamos_NAU-CModel_Flu",2024-12-28,0.629384146056219,199.207330319816,0.831513379949765,308.199519230769,0.201923076923077,0.721153846153846,208
"LosAlamos_NAU-CModel_Flu",2025-01-04,1.00806205729512,201.319904452341,1.28426689094432,316.694711538462,0.379807692307692,0.841346153846154,208
"LosAlamos_NAU-CModel_Flu",2025-01-11,1.04390596653287,211.28446659699,1.29877256007219,328.622596153846,0.451923076923077,0.899038461538462,208
"LosAlamos_NAU-CModel_Flu",2025-01-18,0.719693714746709,220.029763586957,0.963118761544034,352.492788461538,0.399038461538462,0.908653846153846,208
"LosAlamos_NAU-CModel_Flu",2025-02-01,0.901730493714329,225.236349832776,1.14660304844695,351.766826923077,0.307692307692308,0.875,208
"LosAlamos_NAU-CModel_Flu",2025-02-08,0.838224600326909,195.975704368729,1.04395563813566,306.091346153846,0.355769230769231,0.908653846153846,208
"LosAlamos_NAU-CModel_Flu",2025-02-15,0.755921104861615,174.805415231327,0.95117848889908,275.865384615385,0.435897435897436,0.923076923076923,208
"LosAlamos_NAU-CModel_Flu",2025-02-22,1.06906002042133,159.199687207358,1.31073956996189,258.168269230769,0.384615384615385,0.951923076923077,208
"LosAlamos_NAU-CModel_Flu",2025-03-01,1.25286617528217,131.630348411371,1.46912652934345,207.740384615385,0.5,0.961538461538462,208
"MIGHTE-Joint",2024-11-30,0.689639648688521,60.8507817725753,0.655567784609398,80.6057692307692,0.288461538461538,0.6875,208
"MIGHTE-Joint",2024-12-07,0.748475366489493,120.058944397993,0.735159665348631,149.605769230769,0.192307692307692,0.586538461538462,208
"MIGHTE-Joint",2024-12-14,0.822440917921523,225.424005016722,0.815601260826346,263.908653846154,0.110576923076923,0.360576923076923,208
"MIGHTE-Joint",2024-12-21,0.810451540090111,256.58860367893,0.824898050230969,304.644230769231,0.0961538461538462,0.298076923076923,208
"MIGHTE-Joint",2024-12-28,0.893716627189192,284.238482441472,0.902149166458342,334.581730769231,0.0480769230769231,0.288461538461538,208
"MIGHTE-Joint",2025-01-04,1.00634673466212,198.500165133779,1.10799180007432,270.028846153846,0.230769230769231,0.639423076923077,208
"MIGHTE-Joint",2025-01-11,1.20205718063932,239.790647993311,1.24906886358044,311.274038461538,0.3125,0.649038461538462,208
"MIGHTE-Joint",2025-01-18,1.33631675020847,398.175382525084,1.34513131331458,480.923076923077,0.168269230769231,0.379807692307692,208
"MIGHTE-Joint",2025-02-01,1.38807031084403,345.131956521739,1.43883787432773,438.028846153846,0.0913461538461538,0.336538461538462,208
"MIGHTE-Joint",2025-02-08,0.719742668818004,169.132738294314,0.811816003636841,238.586538461538,0.283653846153846,0.615384615384615,208
"MIGHTE-Joint",2025-02-15,0.529640133772814,122.763458751394,0.616604169282512,178.211538461538,0.384615384615385,0.717948717948718,208
"MIGHTE-Joint",2025-02-22,0.601057134015476,88.2420108695652,0.659242979312472,127.798076923077,0.423076923076923,0.778846153846154,208
"MIGHTE-Nsemble",2024-11-30,0.640555918765677,56.5458382107023,0.617680616812318,76.1394230769231,0.326923076923077,0.730769230769231,208
"MIGHTE-Nsemble",2024-12-07,0.74559775014238,119.566711956522,0.72931928144062,148.557692307692,0.201923076923077,0.581730769230769,208
"MIGHTE-Nsemble",2024-12-14,0.779303535655704,213.240773411371,0.781949444267869,252.951923076923,0.149038461538462,0.403846153846154,208
"MIGHTE-Nsemble",2024-12-21,0.757989039843868,239.844816053512,0.783381959483835,289.283653846154,0.0961538461538462,0.365384615384615,208
"MIGHTE-Nsemble",2024-12-28,0.876072096358361,276.101569816054,0.885307919784347,325.995192307692,0.110576923076923,0.288461538461538,208
"MIGHTE-Nsemble",2025-01-04,1.09552294147504,214.640581103679,1.18076847926531,286.317307692308,0.230769230769231,0.620192307692308,208
"MIGHTE-Nsemble",2025-01-11,1.36193960278314,271.034893394649,1.39239829771005,346.350961538462,0.254807692307692,0.620192307692308,208
"MIGHTE-Nsemble",2025-01-18,1.42183268924193,422.974912207358,1.41374456638926,504.778846153846,0.134615384615385,0.370192307692308,208
"MIGHTE-Nsemble",2025-02-01,1.67323721947026,413.15866638796,1.67142448327457,506.403846153846,0.0625,0.245192307692308,208
"MIGHTE-Nsemble",2025-02-08,0.88922875635873,207.840980351171,0.972413722218035,285.278846153846,0.1875,0.557692307692308,208
"MIGHTE-Nsemble",2025-02-15,0.582614735620758,135.073793199554,0.68191780637065,197.160256410256,0.346153846153846,0.66025641025641,208
"MIGHTE-Nsemble",2025-02-22,0.661891644216571,97.1609824414716,0.740105140023158,143.519230769231,0.336538461538462,0.759615384615385,208
"MOBS-GLEAM_FLUH",2024-11-30,0.723255247159336,61.6512582544757,0.703006718677859,83.9110735294118,0.21078431372549,0.588235294117647,204
"MOBS-GLEAM_FLUH",2024-12-07,0.822561233181334,133.615995021313,0.783214545380759,160.254921568627,0.137254901960784,0.382352941176471,204
"MOBS-GLEAM_FLUH",2024-12-14,0.868202435655209,239.203337595908,0.82241373387844,266.117647058824,0.0686274509803922,0.25,204
"MOBS-GLEAM_FLUH",2024-12-21,0.743466032844017,233.34410059676,0.756642722238275,276.43137254902,0.0833333333333333,0.303921568627451,204
"MOBS-GLEAM_FLUH",2024-12-28,0.636201085608058,202.758755328218,0.703660870051835,259.774509803922,0.117647058823529,0.42156862745098,204
"MOBS-GLEAM_FLUH",2025-01-04,0.782108807134377,150.053235294118,0.919533412874269,220.598039215686,0.254901960784314,0.642156862745098,204
"MOBS-GLEAM_FLUH",2025-01-11,1.07644603864997,211.313710869565,1.17329091709364,289.31,0.215,0.61,200
"MOBS-GLEAM_FLUH",2025-01-18,1.25528631807069,381.824854347826,1.28984770459038,467.705,0.21,0.47,200
"MOBS-GLEAM_FLUH",2025-02-01,1.58403808102668,409.13507885763,1.52813769816852,482.058823529412,0.0392156862745098,0.151960784313725,204
"MOBS-GLEAM_FLUH",2025-02-08,1.13316194148535,274.826933077579,1.14848789582421,358.132352941176,0.112745098039216,0.450980392156863,204
"MOBS-GLEAM_FLUH",2025-02-15,0.609902944754183,141.461480534243,0.700341479150803,202.941176470588,0.26797385620915,0.588235294117647,204
"MOBS-GLEAM_FLUH",2025-02-22,0.677008871154079,104.241505452529,0.702197607300368,142.183469387755,0.214285714285714,0.581632653061224,196
"MOBS-GLEAM_FLUH",2025-03-01,0.726486820640946,80.8046127595386,0.813545729987123,121.255755102041,0.387755102040816,0.73469387755102,196
"NEU_ISI-AdaptiveEnsemble",2024-11-30,0.698956224607457,55.7433010396975,0.725729735517862,81.7282608695652,0.266304347826087,0.701086956521739,184
"NEU_ISI-AdaptiveEnsemble",2024-12-07,0.584765940264533,88.6915695652174,0.639371535783583,122.725,0.23,0.63,200
"NEU_ISI-AdaptiveEnsemble",2024-12-14,0.698579750139766,194.099843227425,0.770405322198658,252.211538461538,0.120192307692308,0.509615384615385,208
"NEU_ISI-AdaptiveEnsemble",2024-12-21,0.668925923901118,212.314403239557,0.770181915145152,285.299019607843,0.0980392156862745,0.431372549019608,204
"NEU_ISI-AdaptiveEnsemble",2024-12-28,0.736103985523164,217.067365217391,0.814345931074539,285.81,0.11,0.38,200
"NEU_ISI-AdaptiveEnsemble",2025-01-04,1.03884492455486,201.62860400682,1.15317133674946,279.980392156863,0.240196078431373,0.637254901960784,204
"NEU_ISI-AdaptiveEnsemble",2025-01-11,1.01890343791888,205.367463043478,1.17805812638015,296.545,0.255,0.675,200
"NEU_ISI-AdaptiveEnsemble",2025-01-18,0.847640484644896,255.383267263427,0.945938010133061,339.142156862745,0.196078431372549,0.519607843137255,204
"NEU_ISI-AdaptiveEnsemble",2025-02-01,1.11101730604648,283.440667391304,1.18846714321961,372.3,0.145,0.385,200
"NEU_ISI-AdaptiveEnsemble",2025-02-08,0.727784430130388,176.309360869565,0.777703177446058,234.57,0.205,0.59,200
"NEU_ISI-AdaptiveEnsemble",2025-02-15,0.521988813653701,128.124098057354,0.590457109934539,181.553191489362,0.25531914893617,0.638297872340426,188
"NEU_ISI-AdaptiveEnsemble",2025-02-22,0.525705123298562,76.7252312673451,0.61381003295426,118.787234042553,0.308510638297872,0.776595744680851,188
"NEU_ISI-AdaptiveEnsemble",2025-03-01,0.636734461036882,65.7463858695652,0.742538727175893,102.083333333333,0.3125,0.666666666666667,192
"NEU_ISI-FluBcast",2024-12-07,0.607190817004682,100.363435235507,0.666574720552763,138.765625,0.239583333333333,0.59375,192
"NEU_ISI-FluBcast",2024-12-14,0.707630408704059,199.736433423913,0.752724963248774,249.109375,0.0677083333333333,0.296875,192
"NEU_ISI-FluBcast",2024-12-21,0.637762478360683,198.72557173913,0.647928980952767,235.81,0.095,0.285,200
"NEU_ISI-FluBcast",2024-12-28,0.588105795923959,187.883376086957,0.599388961403253,223.975,0.125,0.35,200
"NEU_ISI-FluBcast",2025-01-04,0.892254172638432,174.186725820763,0.88372406324576,214.821428571429,0.209183673469388,0.433673469387755,196
"NEU_ISI-FluBcast",2025-01-11,1.0354958594201,203.673068387681,1.04372102323991,257.057291666667,0.109375,0.276041666666667,192
"NEU_ISI-FluBcast",2025-01-18,0.88766623907074,266.993639039855,0.887646282279231,320.046875,0.145833333333333,0.390625,192
"NEU_ISI-FluBcast",2025-02-01,1.70884796472654,430.105323822464,1.54636365045247,477.161458333333,0.046875,0.09375,192
"NEU_ISI-FluBcast",2025-02-08,1.46896693633929,350.820117753623,1.33656126486312,396.260416666667,0.078125,0.151041666666667,192
"NEU_ISI-FluBcast",2025-02-15,1.07208048734673,250.337363552266,0.999154376431368,290.085106382979,0.0851063829787234,0.234042553191489,188
"NEU_ISI-FluBcast",2025-02-22,0.813795313773895,108.71025047259,0.843630862324647,150.04347826087,0.141304347826087,0.543478260869565,184
"NEU_ISI-FluBcast",2025-03-01,0.851746669851547,83.3011739130435,0.934891304318049,122.625,0.25,0.675,160
"NIH-Flu_ARIMA",2024-11-30,0.790965050300152,67.0540537084399,0.773628370143437,90.671568627451,0.122549019607843,0.524509803921569,204
"NIH-Flu_ARIMA",2024-12-07,0.705119520235174,106.748663682864,0.725008955328602,138.642156862745,0.102941176470588,0.450980392156863,204
"NIH-Flu_ARIMA",2024-12-14,0.770601946450687,200.629475703325,0.811645139960814,248.990196078431,0.053921568627451,0.279411764705882,204
"NIH-Flu_ARIMA",2024-12-21,0.719486243556707,218.672706734868,0.799825214755899,282.352941176471,0.0784313725490196,0.362745098039216,204
"NIH-Flu_ARIMA",2024-12-28,0.821234254799912,248.243663682864,0.91183807166089,322.127450980392,0.053921568627451,0.313725490196078,204
"NIH-Flu_ARIMA",2025-01-04,0.793010433104706,151.992316709292,0.915653798138914,215.642156862745,0.318627450980392,0.754901960784314,204
"NIH-Flu_ARIMA",2025-01-11,0.778512653291649,153.847274083546,0.968953488797216,240.049019607843,0.294117647058824,0.774509803921569,204
"NIH-Flu_ARIMA",2025-01-18,0.969440245881324,287.457493606138,1.11905575845989,398.03431372549,0.102941176470588,0.5,204
"NIH-Flu_ARIMA",2025-02-01,0.865736118090568,212.995566471572,0.99827653427651,300.956730769231,0.144230769230769,0.5625,208
"NIH-Flu_ARIMA",2025-02-08,0.805526998892099,183.607890886288,0.946194351654015,270.721153846154,0.269230769230769,0.740384615384615,208
"NIH-Flu_ARIMA",2025-02-15,0.685845250344459,157.389169453735,0.83377439347977,240.25641025641,0.153846153846154,0.711538461538462,208
"NIH-Flu_ARIMA",2025-02-22,0.569019430473768,85.3239632107023,0.649794554578782,128.403846153846,0.259615384615385,0.721153846153846,208
"NIH-Flu_ARIMA",2025-03-01,0.599623604959542,64.2859197324415,0.622886207672469,89.3653846153846,0.365384615384615,0.730769230769231,208
"OHT_JHU-nbxd",2024-11-30,0.59746084558881,52.8210934573579,0.671565682147136,82.4214903846154,0.471153846153846,0.889423076923077,208
"OHT_JHU-nbxd",2024-12-07,0.586497428430355,94.8190585284281,0.695415960136197,141.648076923077,0.346153846153846,0.793269230769231,208
"OHT_JHU-nbxd",2024-12-14,0.63168795102207,174.736361893813,0.748461443956851,242.638653846154,0.235576923076923,0.615384615384615,208
"OHT_JHU-nbxd",2024-12-21,0.721314509925182,230.956190029264,0.86360957764651,320.000865384615,0.0913461538461538,0.447115384615385,208
"OHT_JHU-nbxd",2024-12-28,0.827205214104557,260.668574853679,0.991360977094799,363.235673076923,0.100961538461538,0.423076923076923,208
"OHT_JHU-nbxd",2025-01-04,1.43920960807798,285.177686935619,1.64955857347603,402.156394230769,0.0961538461538462,0.480769230769231,208
"OHT_JHU-nbxd",2025-01-11,1.08889041215988,218.391861810201,1.27251284670044,318.902259615385,0.331730769230769,0.730769230769231,208
"OHT_JHU-nbxd",2025-01-18,1.23470164883432,374.181770171405,1.39145041982592,503.809807692308,0.153846153846154,0.509615384615385,208
"OHT_JHU-nbxd",2025-02-01,0.947845798010471,234.946584427258,1.13650109913909,345.752019230769,0.206730769230769,0.677884615384615,208
"OHT_JHU-nbxd",2025-02-08,0.72346295817222,166.687689778428,0.885936742188881,255.668846153846,0.346153846153846,0.788461538461538,208
"OHT_JHU-nbxd",2025-02-15,0.657962266620646,150.624490886288,0.813171011017778,233.184102564103,0.301282051282051,0.788461538461538,208
"OHT_JHU-nbxd",2025-02-22,0.683730204923025,100.791134782609,0.852753206860957,165.916826923077,0.336538461538462,0.884615384615385,208
"OHT_JHU-nbxd",2025-03-01,0.678293197811813,71.5206110367893,0.848477893556052,119.890192307692,0.384615384615385,0.903846153846154,208
"PSI-PROF",2024-11-30,0.672179774225919,60.6227859740803,0.746629446284405,93.4419230769231,0.346153846153846,0.846153846153846,208
"PSI-PROF",2024-12-07,0.591526123752581,96.3000614548495,0.733467019828437,150.267019230769,0.379807692307692,0.918269230769231,208
"PSI-PROF",2024-12-14,0.657350805487738,181.974191973244,0.832686472165017,269.986778846154,0.211538461538462,0.778846153846154,208
"PSI-PROF",2024-12-21,0.66570596585351,212.611440698161,0.857684884057038,316.918557692308,0.120192307692308,0.725961538461538,208
"PSI-PROF",2024-12-28,0.601053118008398,198.38596854097,0.776150514312124,297.849086538462,0.240384615384615,0.802884615384615,208
"PSI-PROF",2025-01-04,0.660193805883121,132.076652173913,0.805712996323379,199.009759615385,0.576923076923077,0.9375,208
"PSI-PROF",2025-01-11,0.873582049921117,174.107900689799,1.1837537747199,295.057163461538,0.442307692307692,0.923076923076923,208
"PSI-PROF",2025-01-18,1.0108656061826,307.28653382107,1.33017235431549,481.478125,0.336538461538462,0.802884615384615,208
"PSI-PROF",2025-02-01,1.01880153372143,253.764745610368,1.09912070247242,334.041201923077,0.221153846153846,0.620192307692308,208
"PSI-PROF",2025-02-08,0.649554169504003,151.26701139214,0.824315165363468,242.636586538462,0.423076923076923,0.913461538461538,208
"PSI-PROF",2025-02-15,0.453106411321732,104.745872463768,0.519051650908603,151.561538461538,0.532051282051282,0.91025641025641,208
"PSI-PROF",2025-02-22,0.547091668614675,82.2161096153846,0.597720634511055,119.5775,0.798076923076923,0.980769230769231,208
"PSI-PROF",2025-03-01,0.611807684869777,65.3262973244147,0.6178174318941,88.2767307692308,0.75,0.961538461538462,208
"PSI-PROF_beta",2024-12-07,0.713678283733582,114.591072470736,0.645483407792701,131.426346153846,0.307692307692308,0.567307692307692,208
"PSI-PROF_beta",2024-12-14,0.616144609908934,172.221644627926,0.732346424191736,239.495336538462,0.302884615384615,0.697115384615385,208
"PSI-PROF_beta",2024-12-21,0.539985221242606,174.195013419732,0.70643903068234,263.995480769231,0.225961538461538,0.75,208
"PSI-PROF_beta",2024-12-28,0.580945757172024,191.617264214047,0.747585244525181,283.821057692308,0.216346153846154,0.783653846153846,208
"PSI-PROF_beta",2025-01-04,0.756789110554423,153.30773708194,0.908692547420383,228.040865384615,0.4375,0.870192307692308,208
"PSI-PROF_beta",2025-01-11,0.977951492832997,196.218012102843,1.23154173065086,308.877740384615,0.293269230769231,0.769230769230769,208
"PSI-PROF_beta",2025-01-18,1.02887885692607,312.397861601171,1.26034475655355,455.393173076923,0.331730769230769,0.788461538461538,208
"PSI-PROF_beta",2025-02-01,0.942077454175828,232.984287374582,1.03574295133354,313.978653846154,0.264423076923077,0.701923076923077,208
"PSI-PROF_beta",2025-02-08,0.68732020875116,157.33359673913,0.789886898844532,226.047259615385,0.5625,0.908653846153846,208
"PSI-PROF_beta",2025-02-15,0.664431510418784,152.263923940914,0.828881775539556,235.811025641026,0.461538461538462,0.92948717948718,208
"PSI-PROF_beta",2025-02-22,0.631568679954869,94.7227189799331,0.589193016130189,119.409903846154,0.740384615384615,0.990384615384615,208
"PSI-PROF_beta",2025-03-01,0.73035734724012,77.9729456521739,0.664779078684299,96.3267307692308,0.788461538461538,1,208
"SigSci-TSENS",2024-11-30,0.778955637458911,61.644940926276,0.780552490955375,88.3152173913043,0.510869565217391,0.815217391304348,184
"SigSci-TSENS",2024-12-07,0.831477814698287,137.773573080481,0.839850661451685,176.606382978723,0.319148936170213,0.601063829787234,188
"SigSci-TSENS",2024-12-14,0.935416442218091,258.350645652174,0.921687033874371,299.935,0.15,0.385,200
"SigSci-TSENS",2024-12-21,0.934357336372933,298.010541304348,0.931276564126541,345.605,0.075,0.22,200
"SigSci-TSENS",2024-12-28,0.926863449711305,292.622922967864,0.929626748049788,344.510869565217,0.0326086956521739,0.195652173913043,184
"SigSci-TSENS",2025-01-04,0.94961502259958,165.240860113422,0.961808427391575,208.516304347826,0.157608695652174,0.407608695652174,184
"SigSci-TSENS",2025-01-11,1.05840665607418,212.234821105072,1.04370497951291,261.510416666667,0.15625,0.4375,192
"SigSci-TSENS",2025-01-18,1.0022602428983,311.245210597826,1.01086655019368,373.182291666667,0.119791666666667,0.359375,192
"SigSci-TSENS",2025-02-01,0.970609431812399,247.394716060337,0.972580381679043,302.224489795918,0.112244897959184,0.326530612244898,196
"SigSci-TSENS",2025-02-08,0.998281472486439,213.718882325142,1.0705470933407,284.853260869565,0.21195652173913,0.5,184
"SigSci-TSENS",2025-02-15,1.04956732924237,250.855960932577,1.07649834290873,320.949275362319,0.0869565217391304,0.41304347826087,184
"SigSci-TSENS",2025-02-22,0.886604236195628,136.173292572464,0.928767606129762,186.885416666667,0.21875,0.479166666666667,192
"SigSci-TSENS",2025-03-01,0.872716184079309,94.5553739130435,0.879814410400253,126.94,0.22,0.48,200
"Stevens-ILIForecast",2024-11-30,1.55959634957985,133.562441471572,1.26397296069223,151.182692307692,0.134615384615385,0.375,208
"Stevens-ILIForecast",2024-12-07,1.48974361016535,236.632061036789,1.273244959134,256.725961538462,0.0769230769230769,0.206730769230769,208
"Stevens-ILIForecast",2024-12-14,1.39003565588349,378.154972826087,1.25875717739826,404.048076923077,0.0288461538461538,0.0913461538461538,208
"Stevens-ILIForecast",2024-12-21,1.05412489494791,331.645081521739,1.07551244305001,394.735576923077,0.240384615384615,0.389423076923077,208
"Stevens-ILIForecast",2024-12-28,1.35917920551148,420.078058110368,1.35842871166469,492.788461538462,0.110576923076923,0.201923076923077,208
"Stevens-ILIForecast",2025-01-04,2.57956131043187,503.836764214047,2.33906265069172,565.625,0.0384615384615385,0.0865384615384615,208
"Stevens-ILIForecast",2025-01-11,2.08916460659153,408.822859531773,1.74886805649169,428.692307692308,0.0528846153846154,0.105769230769231,208
"Stevens-ILIForecast",2025-01-18,1.65030614120701,484.609882943144,1.43229048296886,505.086538461538,0.0240384615384615,0.0913461538461538,208
"Stevens-ILIForecast",2025-02-01,1.89455906762276,457.522182274247,1.60487528879067,477.072115384615,0,0.0576923076923077,208
"Stevens-ILIForecast",2025-02-08,1.41965591217579,325.422056856187,1.21180785062844,348.4375,0.0240384615384615,0.144230769230769,208
"Stevens-ILIForecast",2025-02-15,1.04104141211306,239.017212931996,0.915105735385718,263.423076923077,0.0705128205128205,0.179487179487179,208
"Stevens-ILIForecast",2025-02-22,1.56154961447088,234.509799331104,1.3191798240982,261.605769230769,0.0384615384615385,0.163461538461538,208
"Stevens-ILIForecast",2025-03-01,2.05199810704307,218.681003344482,1.68084829155618,240.519230769231,0.0384615384615385,0.0961538461538462,208
"UGA_CEID-Walk",2024-12-07,1.26688850774663,201.404299874582,1.08811289920341,219.428889423077,0.0480769230769231,0.134615384615385,208
"UGA_CEID-Walk",2024-12-14,1.18519322214934,323.020181707776,1.08033175928373,347.372567307692,0.00480769230769231,0.0480769230769231,208
"UGA_CEID-Walk",2024-12-21,1.22660622417197,388.376133415552,1.13293864501876,417.603456730769,0.0144230769230769,0.0288461538461538,208
"UGA_CEID-Walk",2024-12-28,1.31319938831789,412.536949184783,1.25660149263508,461.948451923077,0.00961538461538462,0.0576923076923077,208
"UGA_CEID-Walk",2025-01-04,1.73043875536276,347.217345215301,1.68835378299519,415.922682692308,0.100961538461538,0.240384615384615,208
"UGA_CEID-Walk",2025-01-11,1.11148779756806,228.585306762124,1.27464616770675,326.631548076923,0.302884615384615,0.629807692307692,208
"UGA_CEID-Walk",2025-01-18,0.894740666465234,275.15440555393,1.05067489561553,386.824855769231,0.288461538461538,0.629807692307692,208
"UGA_CEID-Walk",2025-02-01,1.00267162748001,247.015960769231,1.14500452024756,345.684865384615,0.298076923076923,0.591346153846154,208
"UGA_CEID-Walk",2025-02-08,0.897716454554574,204.931993081104,1.04928575067915,300.303418269231,0.341346153846154,0.725961538461538,208
"UGA_CEID-Walk",2025-02-15,0.757937305261885,173.120146911929,0.953294115563495,272.42467948718,0.320512820512821,0.814102564102564,208
"UGA_CEID-Walk",2025-02-22,0.814156405345005,120.356353407191,1.0115882466189,196.618461538462,0.384615384615385,0.903846153846154,208
"UGA_CEID-Walk",2025-03-01,0.865630130363002,91.3208359113712,1.07601567969433,151.600442307692,0.403846153846154,0.865384615384615,208
"UGA_flucast-Copycat",2024-12-07,0.78871785322112,126.600211120401,0.876879120731809,177.480769230769,0.173076923076923,0.528846153846154,208
"UGA_flucast-Copycat",2024-12-14,0.796535613615223,218.919283026756,0.918627441661428,296.3125,0.0384615384615385,0.389423076923077,208
"UGA_flucast-Copycat",2024-12-21,0.72905838692229,233.664941471572,0.919834527680247,341.326923076923,0.0817307692307692,0.480769230769231,208
"UGA_flucast-Copycat",2025-01-04,0.743631418325862,149.356193561873,0.894747456763281,221.639423076923,0.427884615384615,0.817307692307692,208
"UGA_flucast-Copycat",2025-01-11,0.846848536803288,170.615568561873,1.09874504879812,277.009615384615,0.399038461538462,0.903846153846154,208
"UGA_flucast-Copycat",2025-01-18,1.04515046109276,319.058260869565,1.31438924593463,477.990384615385,0.1875,0.629807692307692,208
"UGA_flucast-Copycat",2025-02-01,1.03028577209581,259.512661977835,1.20022316648387,372.460784313725,0.137254901960784,0.553921568627451,204
"UGA_flucast-Copycat",2025-02-08,0.646424030444682,150.000089514067,0.827747520486274,240.470588235294,0.401960784313726,0.931372549019608,204
"UGA_flucast-Copycat",2025-02-15,0.552559632071542,126.931948160535,0.655681021552776,188.192307692308,0.474358974358974,0.897435897435897,208
"UGA_flucast-Copycat",2025-02-22,0.52310626729074,77.2898327759197,0.604450338970185,117.509615384615,0.480769230769231,0.942307692307692,208
"UGA_flucast-Copycat",2025-03-01,0.548300300672152,58.0071655518395,0.663678736790315,93.9423076923077,0.423076923076923,0.903846153846154,208
"UGA_flucast-INFLAenza",2024-11-30,0.65822984632275,58.5066095317726,0.704165199125199,86.7788461538462,0.399038461538462,0.865384615384615,208
"UGA_flucast-INFLAenza",2024-12-07,0.743135816798738,118.665232023411,0.818586781072898,165.283653846154,0.211538461538462,0.629807692307692,208
"UGA_flucast-INFLAenza",2024-12-14,0.735613727563891,201.966941889632,0.845575773478678,272.552884615385,0.139423076923077,0.509615384615385,208
"UGA_flucast-INFLAenza",2024-12-21,0.750605672146592,239.094469063545,0.902803417420347,333.4375,0.0865384615384615,0.480769230769231,208
"UGA_flucast-INFLAenza",2024-12-28,0.893932305655076,289.215641722408,1.05070496686873,391.567307692308,0.0192307692307692,0.326923076923077,208
"UGA_flucast-INFLAenza",2025-01-04,1.1851399699207,234.663279065635,1.41173671263147,343.665865384615,0.129807692307692,0.692307692307692,208
"UGA_flucast-INFLAenza",2025-01-11,1.28656762092661,257.175592255435,1.52644980235406,380.427884615385,0.326923076923077,0.740384615384615,208
"UGA_flucast-INFLAenza",2025-01-18,1.26216515843205,379.3003715301,1.46879593056925,527.163461538462,0.110576923076923,0.528846153846154,208
"UGA_flucast-INFLAenza",2025-02-01,0.960701374679677,240.940231990622,1.21220028509405,375.666666666667,0.215686274509804,0.78921568627451,204
"UGA_flucast-INFLAenza",2025-02-08,0.680772981441648,158.31039091006,0.855724325820496,249.904411764706,0.485294117647059,0.970588235294118,204
"UGA_flucast-INFLAenza",2025-02-15,0.615312751462276,140.780898007246,0.727593053624173,208.24358974359,0.551282051282051,0.961538461538462,208
"UGA_flucast-INFLAenza",2025-02-22,0.600914163357925,88.5671507107024,0.661692852333761,128.081730769231,0.673076923076923,0.980769230769231,208
"UGA_flucast-INFLAenza",2025-03-01,0.580504200448985,61.064772867893,0.588990252197075,82.4711538461538,0.673076923076923,0.942307692307692,208
"UGA_flucast-Scenariocast",2024-12-07,0.588420334181903,95.9273432274248,0.666112259507762,136.721153846154,0.341346153846154,0.663461538461538,208
"UGA_flucast-Scenariocast",2024-12-14,0.52600743111492,146.762238712375,0.646628624295086,210.995192307692,0.225961538461538,0.620192307692308,208
"UGA_flucast-Scenariocast",2024-12-21,0.431730021793878,137.911927257525,0.584502660658338,216.990384615385,0.322115384615385,0.8125,208
"UGA_flucast-Scenariocast",2024-12-28,0.614726340537659,189.535677257525,0.796428564594807,285.096153846154,0.331730769230769,0.817307692307692,208
"UGA_flucast-Scenariocast",2025-01-04,1.67050786783476,331.463975752508,2.10422999088635,514.278846153846,0.403846153846154,0.879807692307692,208
"UGA_flucast-Scenariocast",2025-01-11,2.01878690972592,410.516785117057,2.59825319591936,659.552884615385,0.283653846153846,0.855769230769231,208
"UGA_flucast-Scenariocast",2025-01-18,0.940225775089097,291.840516304348,1.23046502689434,455.139423076923,0.302884615384615,0.764423076923077,208
"UGA_flucast-Scenariocast",2025-02-15,1.19233404202172,276.884793756968,1.36464900587538,394.230769230769,0.333333333333333,0.942307692307692,208
"UGA_flucast-Scenariocast",2025-02-22,0.918640505742358,136.903206521739,1.06899232501768,209.355769230769,0.326923076923077,0.951923076923077,208
"UGA_flucast-Scenariocast",2025-03-01,0.652612011061797,70.0927341137124,0.422706165664543,61.0769230769231,0.826923076923077,0.980769230769231,208
"UGuelph-CompositeCurve",2024-12-07,0.908585091655892,145.892842809365,1.00425862190173,202.783653846154,0.225961538461538,0.461538461538462,208
"UGuelph-CompositeCurve",2024-12-21,0.609856625951693,193.715275919732,0.854552886078732,314.600961538462,0.230769230769231,0.649038461538462,208
"UGuelph-CompositeCurve",2024-12-28,0.594475761758077,62.4654347826087,0.578869970666316,77.375,0.25,0.75,8
"UGuelph-CompositeCurve",2025-01-04,1.34667913449852,265.762690217391,1.88483794137478,453.889423076923,0.288461538461538,0.552884615384615,208
"UGuelph-CompositeCurve",2025-01-11,0.970880081482618,196.868668478261,1.0326623763606,263.846153846154,0.5625,0.850961538461538,208
"UGuelph-CompositeCurve",2025-01-18,0.622938836323938,194.124724080268,0.8157201321595,309.990384615385,0.495192307692308,0.831730769230769,208
"UGuelph-CompositeCurve",2025-02-01,0.871589625254132,212.150363712375,0.986391113548718,294.682692307692,0.528846153846154,0.735576923076923,208
"UI_CompEpi-EpiGen",2024-12-07,1.10698425626625,175.964381270903,0.958768429054306,193.326923076923,0.0576923076923077,0.389423076923077,208
"UI_CompEpi-EpiGen",2024-12-14,1.12945221490596,307.824174331104,0.990144288207833,318.370192307692,0.0240384615384615,0.129807692307692,208
"UI_CompEpi-EpiGen",2024-12-21,1.16568936182964,369.77864548495,1.03129630821907,381.197115384615,0.00480769230769231,0.0528846153846154,208
"UI_CompEpi-EpiGen",2024-12-28,1.28994025730662,403.821981605351,1.13086465148206,414.495192307692,0.00480769230769231,0.00480769230769231,208
"UI_CompEpi-EpiGen",2025-01-04,1.9549952649029,383.809788879599,1.62328552923694,394.1875,0,0.0288461538461538,208
"UI_CompEpi-EpiGen",2025-02-01,1.24055501819946,310.30331312709,1.2184215350376,372.951923076923,0.0817307692307692,0.211538461538462,208
"UI_CompEpi-EpiGen",2025-02-08,0.764993460821442,182.260558110368,0.823385861800565,245.134615384615,0.230769230769231,0.543269230769231,208
"UI_CompEpi-EpiGen",2025-02-15,0.550194187981974,128.807040133779,0.662236961481297,193.897435897436,0.301282051282051,0.692307692307692,208
"UI_CompEpi-EpiGen",2025-02-22,0.615349032864576,92.0998202341137,0.717456714059534,142.048076923077,0.596153846153846,0.951923076923077,208
"UI_CompEpi-EpiGen",2025-03-01,0.634091266718041,68.1154646206309,0.729941166260592,104.921568627451,0.784313725490196,1,204
"UM-DeepOutbreak",2024-11-30,1.44860945531927,124.61057154232,1.16538601994156,140.167486212897,0.0625,0.331730769230769,208
"UM-DeepOutbreak",2024-12-07,1.36522130887934,217.246001605237,1.16022363884707,234.243104025434,0.0240384615384615,0.177884615384615,208
"UM-DeepOutbreak",2024-12-14,1.06625646781152,290.900725125116,0.995541543276007,320.372530559185,0.0384615384615385,0.149038461538462,208
"UM-DeepOutbreak",2024-12-21,1.09608464980133,346.797393720071,1.04038009949835,383.364442167081,0.00961538461538462,0.0384615384615385,208
"UM-DeepOutbreak",2024-12-28,0.860688003777695,284.717063460889,0.842879009619185,324.612669049833,0.0384615384615385,0.100961538461538,208
"UM-DeepOutbreak",2025-01-04,1.03902517534837,208.753245625708,1.04534834683877,258.456980508736,0.120192307692308,0.384615384615385,208
"UM-DeepOutbreak",2025-01-11,0.956141692967984,192.294361890405,1.07286634027948,269.0895729591,0.360576923076923,0.605769230769231,208
"UM-DeepOutbreak",2025-01-18,1.03626124503871,314.798756181226,1.1729085690264,426.346813219959,0.254807692307692,0.591346153846154,208
"UM-DeepOutbreak",2025-02-01,0.812743841366896,200.205017325504,0.980782832357167,296.927922165828,0.394230769230769,0.649038461538462,208
"UM-DeepOutbreak",2025-02-08,0.777209395383854,179.300542483567,0.931111398338323,268.354933635898,0.495192307692308,0.793269230769231,208
"UM-DeepOutbreak",2025-02-15,0.667980582859187,153.932396662996,0.796644870299589,228.90272808718,0.737179487179487,0.891025641025641,208
"UM-DeepOutbreak",2025-02-22,0.810917654937746,121.559602633525,0.825446118015629,162.965935704513,0.798076923076923,0.932692307692308,208
"UM-DeepOutbreak",2025-03-01,0.926472086162383,98.6783796089851,1.08846990549033,154.287237195155,0.692307692307692,0.980769230769231,208
"UMass-AR2",2024-11-30,0.940879359692335,82.7241439713054,0.926359348063946,113.326292643759,0.201923076923077,0.658653846153846,208
"UMass-AR2",2024-12-07,0.977915537292312,156.243184152304,0.967730146276102,195.907110699102,0.100961538461538,0.447115384615385,208
"UMass-AR2",2024-12-14,0.950813095312504,260.060724528454,0.968452100734274,312.143748399062,0.0384615384615385,0.264423076923077,208
"UMass-AR2",2024-12-21,0.912416063111384,289.72655259557,0.970538439241092,358.558017743337,0.0384615384615385,0.201923076923077,208
"UMass-AR2",2024-12-28,0.824754875232116,278.357878749151,0.887577397171177,348.230141658917,0.0576923076923077,0.254807692307692,208
"UMass-AR2",2025-01-04,0.736536397649056,148.965451566311,0.915500267687369,227.695806204139,0.274038461538462,0.769230769230769,208
"UMass-AR2",2025-01-11,0.924894355150571,181.704978325214,1.15503222658564,284.632491988678,0.323529411764706,0.803921568627451,204
"UMass-AR2",2025-01-18,1.31024827537927,393.346807700468,1.40638421569158,506.845056448112,0.144230769230769,0.466346153846154,208
"UMass-AR2",2025-02-01,0.886870561086079,220.207003111556,1.02134986324619,311.3728511638,0.216346153846154,0.625,208
"UMass-AR2",2025-02-08,0.71358189637353,165.53773698466,0.868084003907716,251.505944177668,0.442307692307692,0.865384615384615,208
"UMass-AR2",2025-02-15,0.56187803973284,133.01788391043,0.702041928613149,209.77840696624,0.346153846153846,0.858974358974359,208
"UMass-AR2",2025-02-22,0.513120315405526,78.5136326840633,0.577182448504107,116.94330597007,0.490384615384615,0.903846153846154,208
"UMass-AR2",2025-03-01,0.484248036153771,53.0077037618188,0.562387404271574,82.528717455566,0.403846153846154,0.923076923076923,208
"UMass-flusion",2024-11-30,0.852667557948552,68.6637634392093,0.839388008134413,94.5481199852143,0.264705882352941,0.720588235294118,204
"UMass-flusion",2024-12-07,0.90770632623437,143.776621231461,0.887873631298875,178.483908713027,0.147058823529412,0.524509803921569,204
"UMass-flusion",2024-12-14,0.896039586513112,243.818944398153,0.900142793417839,288.804471194686,0.0392156862745098,0.318627450980392,204
"UMass-flusion",2024-12-21,0.810171448132468,256.910833030991,0.865600625347958,319.490791363004,0.0625,0.317307692307692,208
"UMass-flusion",2024-12-28,0.73677137487709,241.874937443502,0.832955789384514,316.974535441646,0.0961538461538462,0.432692307692308,208
"UMass-flusion",2025-01-04,0.676568453770491,134.076662529838,0.8417230880474,204.570541162465,0.423076923076923,0.894230769230769,208
"UMass-flusion",2025-01-11,0.806858428228057,158.937783321271,1.00867308552271,248.9842935268,0.274509803921569,0.901960784313726,204
"UMass-flusion",2025-01-18,1.02146980308882,303.514109893859,1.24121434069396,441.278810531907,0.181372549019608,0.759803921568627,204
"UMass-flusion",2025-02-01,1.06190599769022,265.165076910912,1.19809157318675,367.762941767419,0.125,0.524038461538462,208
"UMass-flusion",2025-02-08,0.603784230409825,139.735308117239,0.774439685036333,223.86993181708,0.389423076923077,0.855769230769231,208
"UMass-flusion",2025-02-15,0.516270810196906,119.152267794631,0.625211520893674,180.622936722655,0.346153846153846,0.878205128205128,208
"UMass-flusion",2025-02-22,0.422530554539781,62.5531650838735,0.478566371046416,93.2465693634005,0.471153846153846,0.923076923076923,208
"UMass-flusion",2025-03-01,0.437456078114098,46.3740174093941,0.507135379175789,71.9762464492552,0.423076923076923,0.942307692307692,208
"UMass-trends_ensemble",2024-11-30,1.07550334472009,94.6986966973244,0.918819303572601,112.538461538462,0.129807692307692,0.336538461538462,208
"UMass-trends_ensemble",2024-12-07,1.06816327343894,170.263430183946,0.933304735013314,188.540865384615,0.110576923076923,0.206730769230769,208
"UMass-trends_ensemble",2024-12-14,1.0155342884111,277.947762332776,0.938853651557182,303.028846153846,0.0240384615384615,0.0817307692307692,208
"UMass-trends_ensemble",2024-12-21,0.924669924042699,294.087429974916,0.903178199227283,334.387019230769,0.0432692307692308,0.120192307692308,208
"UMass-trends_ensemble",2024-12-28,0.827830962667008,275.106816471572,0.870596897927229,333.689903846154,0.0769230769230769,0.201923076923077,208
"UMass-trends_ensemble",2025-01-04,0.748512399051348,152.930008361204,0.905082639634785,227.096153846154,0.278846153846154,0.663461538461538,208
"UMass-trends_ensemble",2025-01-11,0.91050063780192,185.999978051839,1.03578720938681,266.086538461538,0.274038461538462,0.697115384615385,208
"UMass-trends_ensemble",2025-01-18,0.613589187067074,191.787600334448,0.787263378950726,294.848557692308,0.480769230769231,0.793269230769231,208
"UMass-trends_ensemble",2025-02-01,0.856416917460348,209.829929974916,0.98498219361486,296.653846153846,0.240384615384615,0.5625,208
"UMass-trends_ensemble",2025-02-08,1.0687298390286,245.855514214047,1.17664842258545,339.810096153846,0.298076923076923,0.600961538461538,208
"UMass-trends_ensemble",2025-02-15,1.18768663247839,273.785578316611,1.30367370694503,375.461538461538,0.205128205128205,0.506410256410256,208
"UMass-trends_ensemble",2025-02-22,1.02339252318501,153.055990802676,1.16239723036197,227.836538461538,0.384615384615385,0.663461538461538,208
"UMass-trends_ensemble",2025-03-01,0.853439340213322,92.1935744147157,0.972673686945929,139.759615384615,0.480769230769231,0.673076923076923,208
"UNC_IDD-InfluPaint",2024-12-14,0.605922402615606,166.177810769271,0.650725533018609,210.138728747934,0.112745098039216,0.406862745098039,204
"UNC_IDD-InfluPaint",2024-12-21,0.5276061778452,165.646852041306,0.57012067871521,208.432011285857,0.147058823529412,0.42156862745098,204
"UNC_IDD-InfluPaint",2024-12-28,0.523604023754785,167.480011163936,0.575151905936711,214.013871135317,0.220588235294118,0.544117647058823,204
"UNC_IDD-InfluPaint",2025-01-18,1.08866940992426,318.690966121941,1.22586367451742,427.781442858164,0.220588235294118,0.642156862745098,204
"UNC_IDD-InfluPaint",2025-02-01,1.28894384825588,326.72026433322,1.31104413932839,410.846419311131,0.0833333333333333,0.294117647058824,204
"UNC_IDD-InfluPaint",2025-02-08,0.739239437474037,172.781527596323,0.840484347316563,245.863204929311,0.127450980392157,0.651960784313726,204
"UNC_IDD-InfluPaint",2025-02-15,0.74837154150979,173.514028180829,0.796307811838506,231.221349010746,0.183006535947712,0.529411764705882,204
"UNC_IDD-InfluPaint",2025-02-22,0.650070800583175,99.3470173040382,0.676997358928131,136.018236415984,0.156862745098039,0.549019607843137,204
"UNC_IDD-InfluPaint",2025-03-01,0.7304124674351,82.2852596368588,0.721570033997809,108.449737178656,0.215686274509804,0.490196078431373,204
"UVAFluX-CESGCN",2025-01-04,1.27796691970772,252.816039042792,1.1808803928605,288.884729655889,0.168269230769231,0.379807692307692,208
"UVAFluX-CESGCN",2025-01-11,1.29029133361654,259.32513196913,1.26435625588139,317.116597891731,0.149038461538462,0.538461538461538,208
"UVAFluX-CESGCN",2025-01-18,1.57786277840002,472.753326970922,1.38478606417208,498.725209593773,0.0961538461538462,0.245192307692308,208
"UVAFluX-CESGCN",2025-02-01,2.2523702621366,552.626336131954,1.8776478395044,566.751209373658,0.00961538461538462,0.0288461538461538,208
"UVAFluX-CESGCN",2025-02-08,1.61682504923324,374.813569588962,1.43987730751926,417.464925557375,0.0673076923076923,0.206730769230769,208
"UVAFluX-CESGCN",2025-02-15,1.050049776372,250.929663135652,1.00783943607424,297.438961429474,0.0833333333333333,0.288461538461538,208
"UVAFluX-CESGCN",2025-02-22,0.829297986051575,127.186927108897,0.855093759591401,172.263106896327,0.192307692307692,0.625,208
"UVAFluX-CESGCN",2025-03-01,1.04962834385041,114.743446182847,0.99797310082739,144.841260231458,0.211538461538462,0.461538461538462,208
"UVAFluX-Ensemble",2024-11-30,0.930155172862535,82.4913816889632,0.776782804698279,96.1923076923077,0.182692307692308,0.399038461538462,208
"UVAFluX-Ensemble",2024-12-07,0.942720701556556,151.026808110368,0.805206871488605,163.543269230769,0.0961538461538462,0.201923076923077,208
"UVAFluX-Ensemble",2024-12-14,0.858667176112658,237.231212374582,0.827959626203674,268.826923076923,0.0432692307692308,0.173076923076923,208
"UVAFluX-Ensemble",2024-12-21,0.747954413542963,240.007951505017,0.766446825264639,285.120192307692,0.0528846153846154,0.216346153846154,208
"UVAFluX-Ensemble",2024-12-28,0.711053303822583,226.525131688963,0.785750503254674,290.221153846154,0.0673076923076923,0.283653846153846,208
"UVAFluX-Ensemble",2025-01-04,0.760129650973491,153.727142558528,0.94427025951515,234.836538461538,0.394230769230769,0.730769230769231,208
"UVAFluX-Ensemble",2025-01-11,0.975756601040181,200.57922867893,1.09890767827036,288.466346153846,0.25,0.716346153846154,208
"UVAFluX-Ensemble",2025-01-18,0.866746539965491,263.672046404682,1.06572248436516,387.572115384615,0.201923076923077,0.591346153846154,208
"UVAFluX-Ensemble",2025-02-01,0.825523099657992,202.892113294314,0.993892705061104,300.211538461538,0.442307692307692,0.730769230769231,208
"UVAFluX-Ensemble",2025-02-08,0.984996577635863,227.264709448161,1.13775264217491,329.923076923077,0.692307692307692,0.860576923076923,208
"UVAFluX-Ensemble",2025-02-15,0.86013955538156,198.544687848383,0.983446030045096,285.185897435897,0.67948717948718,0.865384615384615,208
"UVAFluX-Ensemble",2025-02-22,0.943577845216253,140.599611204013,0.914006748181093,179.221153846154,0.846153846153846,0.971153846153846,208
"UVAFluX-Ensemble",2025-03-01,1.06672867984067,113.679648829431,0.829920796026355,118.173076923077,0.923076923076923,0.980769230769231,208
"VTSanghani-PRIME",2024-11-30,0.826202905009838,71.7440363712375,0.717441751628636,86.4759615384615,0.274038461538462,0.644230769230769,208
"VTSanghani-PRIME",2024-12-07,0.834359087494087,133.446051421405,0.767009664658431,155.394230769231,0.350961538461538,0.581730769230769,208
"VTSanghani-PRIME",2024-12-14,0.970998029319284,264.861847182917,0.909209884988372,294.248520710059,0.325443786982249,0.396449704142012,169
"VTSanghani-PRIME",2024-12-21,1.15184584623532,363.551095960895,1.06073466378414,391.621301775148,0.130177514792899,0.171597633136095,169
"VTSanghani-PRIME",2024-12-28,1.11723445241945,329.687203224231,1.06986133390662,370.707865168539,0.0842696629213483,0.134831460674157,178
"VTSanghani-PRIME",2025-01-04,2.0678338358869,391.242552515877,1.89093300932101,441.308988764045,0.0337078651685393,0.0730337078651685,178
"VTSanghani-PRIME",2025-01-11,1.00598114410895,201.69602006689,1.1387359815397,286.673076923077,0.735576923076923,0.855769230769231,208
"VTSanghani-PRIME",2025-01-18,0.976477183625578,296.424634197324,1.13417255207708,411.168269230769,0.528846153846154,0.634615384615385,208
"VTSanghani-PRIME",2025-02-01,0.899940481020799,222.215652173913,1.05837031625164,321.379807692308,0.5,0.644230769230769,208
"VTSanghani-PRIME",2025-02-08,0.732001218127798,167.52691680602,0.893695142294192,256.259615384615,0.735576923076923,0.879807692307692,208
"VTSanghani-PRIME",2025-02-15,0.573945959122557,130.579487179487,0.647740690574149,183.923076923077,0.711538461538462,0.923076923076923,208
"VTSanghani-PRIME",2025-02-22,0.646095140050509,94.7532274247492,0.533516412904359,102.230769230769,0.846153846153846,0.932692307692308,208
"VTSanghani-PRIME",2025-03-01,0.706749906901096,74.5514799331104,0.632235025368069,88.5192307692308,0.903846153846154,0.942307692307692,208
"fjordhest-ensemble",2024-11-30,0.878828369845795,77.171691680602,0.916136518796042,112.147740384615,0.317307692307692,0.754807692307692,208
"fjordhest-ensemble",2024-12-07,0.912504210466172,144.103899637681,0.946135846344431,189.008137254902,0.156862745098039,0.549019607843137,204
"fjordhest-ensemble",2024-12-14,0.909044961565191,248.775852529264,0.963541337128996,309.933028846154,0.0528846153846154,0.298076923076923,208
"fjordhest-ensemble",2024-12-21,0.708521534397992,226.484629703177,0.861514642807507,319.277644230769,0.0721153846153846,0.365384615384615,208
"fjordhest-ensemble",2024-12-28,0.637898760339426,191.582993636775,0.762833920459204,271.110989583333,0.125,0.421875,192
"fjordhest-ensemble",2025-01-04,0.76038577195626,152.303081906703,0.938304815613774,234.438697916667,0.333333333333333,0.661458333333333,192
"fjordhest-ensemble",2025-01-11,0.75714962510019,154.945830745342,0.956679751064695,245.90862244898,0.362244897959184,0.918367346938776,196
"fjordhest-ensemble",2025-01-18,1.1396847179067,365.513249952741,1.23793696704489,474.162445652174,0.228260869565217,0.5,184
"fjordhest-ensemble",2025-02-01,1.00724614722872,263.683751336051,1.122915269051,363.591302083333,0.140625,0.505208333333333,192
"fjordhest-ensemble",2025-02-08,0.781766280651698,189.115673225377,0.850991090199166,259.688163265306,0.321428571428571,0.637755102040816,196
"fjordhest-ensemble",2025-02-15,0.544345416856754,134.280687295714,0.604149786962357,186.563333333333,0.26241134751773,0.652482269503546,188
"fjordhest-ensemble",2025-02-22,0.512987671165847,76.0421667296786,0.573852359822453,111.920543478261,0.315217391304348,0.652173913043478,184
"fjordhest-ensemble",2025-03-01,0.539012705105379,59.1530353043478,0.608329861949011,89.3324,0.4,0.84,200
